Country Name,Country Code,Indicator Name,Indicator Code,1960,1961,1962,1963,1964,1965,1966,1967,1968,1969,1970,1971,1972,1973,1974,1975,1976,1977,1978,1979,1980,1981,1982,1983,1984,1985,1986,1987,1988,1989,1990,1991,1992,1993,1994,1995,1996,1997,1998,1999,2000,2001,2002,2003,2004,2005,2006,2007,2008,2009,2010,2011,2012,2013,2014,2015,2016,2017,2018,2019,2020,2021,2022,2023
Ghana,GHA,Adjusted savings: net forest depletion (% of GNI),NY.ADJ.DFOR.GN.ZS,,,,,,,,,,,2.79582784574457,2.27002659638491,3.39203686650009,4.89071312399019,4.27403557209538,5.35086429113729,5.62367949219877,7.24019963358774,6.11919030645463,5.43915219841292,5.43481860565965,4.98283001008554,7.30858513389561,5.5512194376325,4.65315716366952,3.54102368404054,4.31383320280334,4.73496280722153,4.96423723018425,4.96360170864288,6.19284358068834,4.72856002865777,6.03848829431063,7.07957850526929,9.77592199420396,11.6179003246246,10.9914501176674,10.6042271918338,10.4072478123036,6.40168259712389,10.0306973502773,9.58818747913666,10.0684028088312,14.2031675001723,11.0777791557585,9.4795049446799,5.03919530410403,6.28539640501876,6.60259453278332,7.63607077311959,5.87184066749086,5.67858355540641,6.55568606658012,4.54813835701046,5.97856440292992,7.04140238673441,6.63978221542018,6.21432536864623,3.98804428869637,3.63099663780155,3.75855195744477,3.85323409751269,,
Ghana,GHA,Adjusted savings: net forest depletion (current US$),NY.ADJ.DFOR.CD,,,,,,,,,,,60694776.4965515,53859398.4643494,70733453.0324629,119684704.970887,122885159.398941,149169573.137503,154365236.230778,230093544.355419,223601407.742665,217899255.37887,240564014.422715,209753955.276068,294206378.037013,223221186.213222,203086938.171892,156689205.656005,241629782.452593,233753840.071557,251521427.945035,254826392.643176,357746051.569863,306168351.155555,380889878.138793,414434598.65954,521402174.094611,735646514.417643,746461108.160249,716581636.278775,762760471.307784,483676079.061968,485090653.832283,499240404.066638,607818385.045604,1060612193.19826,961904488.10428,1006110336.15298,1023609897.37298,1551693219.01965,1885836288.06526,1981852465.71258,1859208223.65828,2164352548.32365,2568187135.51518,2777666372.8504,3104077791.80368,3374316753.89214,3582931466.99405,3568992544.90479,2563125498.47518,2379294306.06566,2660176337.11009,2914483928.51617,,
Ghana,GHA,Agricultural irrigated land (% of total agricultural land),AG.LND.IRIG.AG.ZS,,,,,,,,,,,,,,,,,,,,,,,,,,,,,,,,,,,,,,,,,,,,,,0.0907622241286323,0.1494545866587221,0.0881957805214327,,0.2436950941245088,0.2419269383871763,0.2437469621511424,0.242908323872324,0.2246636366121522,0.2909172060298603,,,,,,,,,
Ghana,GHA,Agricultural land (% of land area),AG.LND.AGRI.ZS,,51.4195306319768,51.4195306319768,51.4195306319768,51.4195306319768,51.4195306319768,51.4195306319768,51.4195306319768,51.4195306319768,51.4195306319768,51.4195306319768,51.4195306319768,51.4195306319768,51.4195306319768,51.4195306319768,51.85901379977147,51.85901379977147,51.85901379977147,52.298496967566145,52.298496967566145,52.298496967566145,52.298496967566145,53.14230464973192,53.10714599630833,53.950953678474114,54.35527819284521,54.32011953942164,54.724444053792745,55.12876856816384,55.09360991474026,55.49793442911136,55.902258943482465,55.902258943482465,56.2538454777182,56.69332864551288,57.572294981102225,58.45126131669157,59.69365825788873,57.06781532917289,57.39452579766195,56.10231212094576,56.68467434297266,57.35466071899447,55.33589346928013,52.16477937944977,53.26351234947702,52.93043992265096,54.81344818493452,52.758902610530015,54.10242287070406,54.49783774281445,54.0909101696405,54.277658433682,54.77312164894085,54.38452491869562,54.56409642260701,54.31107585479475,53.10698734288477,53.69403885031203,54.84738639360113,55.393019913594955,55.393019913594955,,
Ghana,GHA,Agricultural land (sq. km),AG.LND.AGRI.K2,,117000.0,117000.0,117000.0,117000.0,117000.0,117000.0,117000.0,117000.0,117000.0,117000.0,117000.0,117000.0,117000.0,117000.0,118000.0,118000.0,118000.0,119000.0,119000.0,119000.0,119000.0,120920.0,120840.0,122760.0,123680.0,123600.0,124520.0,125440.0,125360.0,126280.0,127200.0,127200.0,128000.0,129000.0,131000.0,133000.0,135826.95,129852.107,130595.504,127655.201,128980.308,130504.795,125911.292,118695.739,121195.796,120437.923,124722.52,120047.607,123104.653,124004.38,123078.457,123503.384,124630.761,123746.548,124155.145,123579.422,120839.639,122175.416,124799.743,126037.4,126037.4,,
Ghana,GHA,Agricultural methane emissions (% of total),EN.ATM.METH.AG.ZS,,,,,,,,,,,53.60386555021191,52.85450697769085,53.018200960525554,53.36526582915349,48.799284499929115,49.353492959817785,49.15309418342713,52.709216031270145,49.358359013526176,49.62924813244427,52.61151875341166,49.52688347644,49.730152618267155,46.78533079000074,46.833512367422344,44.69609416621975,44.51029058030449,45.109225014066,42.43671287681719,44.397908472167984,60.068259385665534,58.879999999999995,56.4945226917058,53.94932935916542,52.06847360912982,50.2724795640327,50.90909090909091,47.961630695443645,50.27624309392266,45.79008073817762,47.406639004149376,41.340206185567006,39.75903614457831,40.359168241965975,36.892278360343184,41.161178509532064,39.02439024390244,36.915077989601386,36.47058823529411,,,,,,,,,,,,,,,
Ghana,GHA,Agricultural methane emissions (thousand metric tons of CO2 equivalent),EN.ATM.METH.AG.KT.CE,,,,,,,,,,,,,,,,,,,,,,,,,,,,,,,3478.44,3632.38,3562.7125,3578.275,3606.88,3643.91,3923.56,3999.53,4546.5725,3971.215,4574.24,4008.845,3960.315,4272.115,3873.0675,4748.0475,4480.925,4263.62,4339.34,4216.1875,4431.7075,4923.48,4602.7675,4966.565,4920.3875,5159.0,5247.125,5387.2725,5340.68,5435.2275,6015.9825,,,
Ghana,GHA,Agricultural nitrous oxide emissions (% of total),EN.ATM.NOXE.AG.ZS,,,,,,,,,,,73.75829293613954,73.25358056038922,73.33034202475811,73.69488211803713,71.77427514313953,72.76570105189408,72.91721160876658,73.93741542304288,72.41637540265803,73.09092145677928,74.59369238601029,73.14792860142796,74.20712769356385,73.32943167646535,72.72330791862089,71.56217318908175,71.60024426281312,72.14880108340637,71.43502378678778,72.51122599704578,90.22346368715084,89.67391304347827,88.8586956521739,87.96791443850267,87.0026525198939,86.3517060367454,86.88118811881188,86.61800486618006,89.587852494577,85.43689320388349,87.1578947368421,84.04761904761905,82.9326923076923,83.92070484581498,81.86274509803921,84.81262327416174,83.87096774193549,82.4524312896406,82.00836820083683,,,,,,,,,,,,,,,
Ghana,GHA,Agricultural nitrous oxide emissions (thousand metric tons of CO2 equivalent),EN.ATM.NOXE.AG.KT.CE,,,,,,,,,,,,,,,,,,,,,,,,,,,,,,,3169.0214,3244.4154,3207.3442,3228.234,3226.7142,3234.5814,3496.8512,3554.3652,4115.8866,3512.079,4133.6474,3520.7806,3443.4794,3800.8112,3329.6434,4288.22,4154.0604,3893.3998,3918.4318,3745.4726,3980.2668,4365.5212,4217.2364,4561.784,4431.6474,4670.3752,4695.884,5020.3464,4845.629,4948.1708,5811.4172,,,
Ghana,GHA,Agricultural raw materials exports (% of merchandise exports),TX.VAL.AGRI.ZS.UN,,,12.30164298975872,13.804699433442993,14.450763640485546,12.168139037954116,13.187715514278356,9.789774758021274,9.439999334326004,13.405371260249952,8.661017683078406,9.820976367459698,12.908514523443648,21.08294482046473,13.466237395131053,9.735812673246178,9.231033601329411,8.498728448241826,6.3370224762798895,4.640518950301641,3.5746473475541025,5.882175297256431,2.4534318826798533,3.493439745802348,2.8780773046095933,,,,,,,,8.444341609063214,,,,10.364961303516903,7.8502284253304575,9.456353806512366,10.051822864109733,6.488886515432285,5.25249389426704,,6.3776460903250936,3.3680553055400977,5.178002879562336,2.7609004169533877,5.806078646469931,4.931658222558307,2.3789614726905626,2.5833623012545868,3.646262499172855,1.659978649253821,2.4981303997446593,2.159785168653031,1.6654149869468209,4.983552682670797,1.5796177720265998,1.3814097595471948,1.103999677381249,,1.6144785370164365,1.3448227583434011,1.1158195020624575
Ghana,GHA,Agricultural raw materials imports (% of merchandise imports),TM.VAL.AGRI.ZS.UN,,,0.557107449156465,0.5737730892816258,0.6737804158185492,0.6352768269751432,0.5316626811165144,0.9055002914258302,1.6295292592016668,1.0346576892479762,1.97500445137062,2.051361886856473,2.7701559508527818,3.6971001045075655,2.372135571066015,2.2693564125367423,2.4162362822357943,2.260667488835018,1.770489655940868,1.2101708695516415,1.263079822338019,1.2195045905918098,0.8613371469050526,2.364615460484063,2.008955777599141,,,,,,,,1.1273927201998175,,,,1.0345857222749992,1.1332914133239285,2.9530569147747197,2.676800128570662,2.3823018787337635,1.9127243791866824,1.8263552107017504,1.652239667084192,1.3100065087456263,1.0995882456301835,1.2073809670508988,1.0790932758822342,1.0478855127912232,1.3419571539528323,1.099226088074916,0.9964502120949812,1.0972504515352703,0.8354288427108423,0.6233089245774324,0.7236385830278669,1.1052786623968087,0.9286174383698752,1.1703489682667216,3.6117728251944783,,2.6422052353706658,1.2361694147843718,1.5928247207967852
Ghana,GHA,"Agriculture, forestry, and fishing, value added (% of GDP)",NV.AGR.TOTL.ZS,40.851553509781354,35.376344086021504,37.89260385005066,35.90909090909091,35.35598705501618,43.519781718963166,43.280632411067195,40.22606382978723,41.76470588235294,45.92703648175912,46.52501106684374,44.16,46.6429840142096,48.98600399885747,51.137339055793994,47.662313079689575,50.56696291756053,56.20352951715488,60.71190317354427,59.967401318120615,57.92028376738541,53.084294880621265,57.341152791754865,59.73059911540008,49.242869445337654,44.892551479676314,47.77538996427405,50.60053619302949,49.61301222607392,48.96748126958949,44.8476174659294,45.51047587896993,44.77905721803505,36.93086438883294,37.790585975024015,38.778590502728434,38.95508303421027,35.781597630620546,36.014107308048104,35.7763437934285,35.27152195930393,35.2418001245052,35.148377061929516,36.54540590135389,37.95242609300957,37.45301293018359,28.333095987362235,27.29411448466304,29.408096757841435,30.99338420954034,28.03873796364906,23.663704967183964,22.131154690157228,20.369842540671268,19.583773132466884,19.982650598575763,20.844292919241855,19.561709918423904,18.13655031925207,17.323230201461975,18.8537826616486,19.6574735227332,19.513638202715818,21.10265098455374
Ghana,GHA,"Agriculture, forestry, and fishing, value added (annual % growth)",NV.AGR.TOTL.KD.ZG,,,,,,,,,,,,,,,,,,,,,,,,,,,,,,,,,,,,,,,,,,,,,,,,-1.7176566921954617,7.404239867286861,7.225542662380207,5.276573458941698,0.846113789792426,2.3019498496642115,5.95542296387282,0.9004670268523114,2.0572499093405554,2.7330343192107023,6.2138391840817775,4.875724294683977,4.655108008107888,7.283710902412494,8.45684883957145,4.16047011736525,4.451733812405109
Ghana,GHA,"Agriculture, forestry, and fishing, value added (constant 2015 US$)",NV.AGR.TOTL.KD,,,,,,,,,,,,,,,,,,,,,,,,,,,,,,,,,,,,,,,,,,,,,,,7360420888.750464,7233994126.781089,7769616403.913404,8331013351.881458,8770605391.267725,8844814692.931519,9048417891.458534,9587289448.433632,9673619828.685669,9872630363.841251,10142452739.89385,10772688442.472351,11297935030.052588,11823866108.387392,12685082333.21066,13757840571.305468,14330231417.069384,14968175174.45896
Ghana,GHA,"Agriculture, forestry, and fishing, value added (constant LCU)",NV.AGR.TOTL.KN,,,,,,,,,,,,,,,,,,,,,,,,,,,,,,,,,,,,,,,,,,,,,,,19466398700.0,19132032800.0,20548614400.0,22033363300.0,23195969900.0,23392234200.0,23930711700.0,25355886800.0,25584208200.0,26110539300.0,26824149300.0,28490958800.0,29880099400.0,31271050300.0,33548743199.999996,36385909700.0,37899734600.0,39586929900.0
Ghana,GHA,"Agriculture, forestry, and fishing, value added (current LCU)",NV.AGR.TOTL.CN,35500.0,32900.0,37400.0,39500.0,43700.0,63800.0,65700.0,60500.0,71000.0,91900.0,105100.0,110400.0,131300.0,171500.0,238300.0,251800.0,330000.0,627400.0,1274100.0,1692400.0,2482000.0,3855300.0,4957200.0,10992700.0,13323200.0,15400300.0,24432000.0,37748000.0,52153000.0,69397400.0,86142900.0,110478000.0,125510100.0,143000000.0,196700000.0,300600000.0,441700000.0,505000000.0,622900000.0,736270000.0,957710000.0,1341680000.0,1717420000.0,2417760000.0,3031940000.0,3642710000.0,5415033800.0,6319801600.0,8874951300.0,11342832300.0,12909623800.0,14154757700.0,16668160000.0,25355886800.0,31076313500.0,36673287400.0,45772940700.0,51407775800.0,55967108300.0,61764983900.0,73895654000.0,90757559800.0,119879353700.0,177606860000.0
Ghana,GHA,"Agriculture, forestry, and fishing, value added (current US$)",NV.AGR.TOTL.CD,499999999.99999994,463380281.6901408,526760563.3802816,556338028.1690141,615492957.7464788,898591549.2957746,925352112.6760564,703488372.0930232,696078431.372549,900980392.1568629,1030392156.862745,1071844660.1941748,987218045.112782,1478448275.862069,1480124223.6024845,1339361702.1276596,1398305084.7457628,1792571428.5714283,2223560209.4240837,2410826210.8262105,2574688796.680498,2241453488.372093,2314285714.2857146,2423434744.2680774,2172733202.870189,2022098214.285714,2740242261.103634,2567891156.462585,2578767800.6329117,2571702797.850658,2641123988.2266374,3005141038.5441885,2873070848.1172028,2204374836.213408,2058220324.7949104,2506796537.5185547,2700752688.8295107,2465868473.993633,2694600417.016343,2761257561.6085925,1757527265.5201964,1873056868.233504,2167318469.94701,2789409804.7450056,3370713567.0570707,4024164585.195242,5917377749.268664,6776402367.955189,8434060773.086883,8073379872.979222,9027816274.73893,9308513078.503906,9133904005.058998,12797278017.513311,10728641067.467611,9872630363.841251,11707182382.193336,11816431641.824116,12205701515.159777,11838343727.78453,13205772995.752434,15632492171.486645,14491484176.297085,16116177788.379335
Ghana,GHA,"Agriculture, forestry, and fishing, value added per worker (constant 2015 US$)",NV.AGR.EMPL.KD,,,,,,,,,,,,,,,,,,,,,,,,,,,,,,,,,,,,,,,,,,,,,,,1401.5995449864336,1422.9815782880407,1593.872920847226,1791.3687494385051,1995.4411132361256,1908.6425247624325,1834.9305388284788,1838.9924493211531,2088.139869187802,2463.6634233463496,2207.6835438854137,2061.985009323621,2152.311789911914,2249.281462698418,2363.052535377576,2514.1006927877625,2568.7320663726778,
Ghana,GHA,"Annual freshwater withdrawals, agriculture (% of total freshwater withdrawal)",ER.H2O.FWAG.ZS,,,,,,,,,,,52.0,53.4600289196,54.7279042841,55.8392178164,56.8212824011,57.6954069299,58.4784601283,59.1839697982,59.822910902,60.4042806183,60.9355246523,61.4228578354,61.8715083799,62.2859061905,62.6698296312,63.0265210608,63.358778626,63.6690298145,63.9593908629,64.2317150924,64.4876325088,64.7285824543,64.9558406932,65.1705420076,65.3736991485,65.56621881,65.7489151579,65.9225213395,66.0876993166,66.2450483008,66.3951120163,67.1993063297,67.9613992762,68.6846126719,69.3718477762,70.0257241919,70.6486132343,71.2426666667,71.8098415346,72.3519217046,72.8705366048,73.1956754651,73.3941467123,74.133258574,74.7823211727,72.5681711535,73.0574900997,73.0574900997,73.0574900997,73.0574900997,73.0574900997,,,
Ghana,GHA,"Annual freshwater withdrawals, domestic (% of total freshwater withdrawal)",ER.H2O.FWDM.ZS,,,,,,,,,,,35.0,33.8772980789,32.9023543034,32.0478001086,31.292633015,30.620467365,30.0183318057,29.4758240163,28.9845047039,28.5374554102,28.1289506953,27.7542116107,27.4092178771,27.0905630807,26.7953418158,26.5210608424,26.2655685014,26.0269981548,25.8037225042,25.5943164223,25.3975265018,25.212245948,25.037493751,24.8723973102,24.7161778619,24.5681381958,24.427652252,24.2941562705,24.1671412301,24.0461463618,23.9307535642,23.3865972996,22.8709288299,22.3815681204,21.9165520403,21.4741080416,21.0526315789,20.6506666667,20.2668890742,19.9000917525,19.5491721524,19.4019674686,19.3842645382,18.7646014391,18.237260737,20.8276125758,20.4560972279,20.4560972279,20.4560972279,20.4560972279,20.4560972279,,,
Ghana,GHA,"Annual freshwater withdrawals, industry (% of total freshwater withdrawal)",ER.H2O.FWIN.ZS,,,,,,,,,,,13.0,12.6626730014,12.3697414126,12.112982075,11.8860845839,11.6841257051,11.503208066,11.3402061856,11.192584394,11.0582639715,10.9355246523,10.8229305539,10.719273743,10.6235307288,10.5348285529,10.4524180967,10.3756528726,10.3039720307,10.2368866328,10.1739684853,10.1148409894,10.0591715976,10.0066655557,9.9570606822,9.9101229896,9.8656429942,9.8234325902,9.78332239,9.7451594533,9.7088053374,9.6741344196,9.4140963706,9.1676718938,8.9338192077,8.7116001834,8.5001677665,8.2987551867,8.1066666667,7.9232693912,7.747986543,7.5802912428,7.4023570663,7.2215887495,7.1021399869,6.9804180903,6.6042162707,6.4864126724,6.4864126724,6.4864126724,6.4864126724,6.4864126724,,,
Ghana,GHA,"Annual freshwater withdrawals, total (% of internal resources)",ER.H2O.FWTL.ZS,,,,,,,,,,,0.99009900990099,1.065126512541254,1.140154015511551,1.2151815181518153,1.290209020792079,1.3652365237623765,1.4402640264026405,1.5152915290429043,1.5903190320132012,1.6653465346534655,1.7403740372937293,1.8154015402640264,1.8904290429042905,1.9654565455445543,2.040484048514851,2.1155115511551155,2.1905390537953795,2.2655665567656764,2.3405940594059405,2.4156215620462045,2.490649065016502,2.5656765676567654,2.6407040702970295,2.715731573267327,2.790759075907591,2.8657865785478545,2.940814081518152,3.015841584158416,3.090869086798679,3.165896589768977,3.2409240924092404,3.330445544554456,3.419966996699669,3.5094884488448845,3.5990099009900987,3.6885313531353137,3.7780528052805273,3.8675742574257423,3.957095709570957,4.0466171617161715,4.136138613861386,4.23556105610561,4.341584158415841,4.41460396039604,4.491584158415842,4.747442244224422,4.780858085808582,4.780858085808582,4.780858085808582,4.780858085808582,4.780858085808582,,,
Ghana,GHA,"Annual freshwater withdrawals, total (billion cubic meters)",ER.H2O.FWTL.K3,,,,,,,,,,,0.3,0.3227333333,0.3454666667,0.3682,0.3909333333,0.4136666667,0.4364,0.4591333333,0.4818666667,0.5046,0.5273333333,0.5500666667,0.5728,0.5955333333,0.6182666667,0.641,0.6637333333,0.6864666667,0.7092,0.7319333333,0.7546666667,0.7774,0.8001333333,0.8228666667,0.8456,0.8683333333,0.8910666667,0.9138,0.9365333333,0.9592666667,0.982,1.009125,1.03625,1.063375,1.0905,1.117625,1.14475,1.171875,1.199,1.226125,1.25325,1.283375,1.3155,1.337625,1.36095,1.438475,1.4486,1.4486,1.4486,1.4486,1.4486,,,
Ghana,GHA,Arable land (% of land area),AG.LND.ARBL.ZS,,7.471213852509449,7.471213852509449,7.471213852509449,7.471213852509449,7.471213852509449,7.471213852509449,7.471213852509449,7.471213852509449,7.471213852509449,7.471213852509449,7.471213852509449,7.471213852509449,7.471213852509449,7.471213852509449,7.910697020304122,7.910697020304122,7.910697020304122,8.350180188098797,8.350180188098797,8.350180188098797,8.350180188098797,9.229146523688144,9.229146523688144,10.108112859277488,10.547596027072164,10.547596027072164,10.987079194866835,11.42656236266151,11.42656236266151,11.866045530456184,12.305528698250855,12.305528698250855,12.305528698250855,12.305528698250855,13.184495033840204,14.06346136942955,15.821394040608244,16.033473235475082,16.245552430341917,16.457632064691925,16.66971125955876,16.881790454425598,17.093869649292433,17.305949283642438,17.518028478509272,17.73010767337611,17.942186868242946,18.154266063109784,18.36634569745979,18.578424892326623,18.79050408719346,19.002583282060296,19.21466247692713,19.42674211127714,19.638821306143974,19.850900501010813,20.06297969587765,20.275059330227652,20.48713852509449,20.69985452659614,20.69545955971222,,
Ghana,GHA,Arable land (hectares per person),AG.LND.ARBL.HA.PC,,0.2391325172537627,0.2334782546594019,0.2279357215901922,0.2225073807007045,0.2171767381740239,0.2119791143213339,0.2069111740066985,0.2019445598036243,0.1969905635726208,0.191832559514641,0.1866311086831989,0.181508510827303,0.1763998390818409,0.1713886076379434,0.1763003719546069,0.171281660701307,0.1662741365384089,0.1702016351898151,0.1649924993541412,0.1601315303534372,0.1555724410789849,0.1668656340703391,0.1617358912968453,0.1723816556838316,0.1758055906617344,0.1717760252487853,0.1746933607438862,0.1772121891723761,0.1727293907761309,0.1747914252764714,0.1767289503669997,0.1723973601531085,0.1682325006805906,0.1643110139902613,0.1720294555715007,0.1793318878435957,0.1970654760992422,0.1949406050043634,0.1927597271097129,0.1904232904911351,0.1878146932865547,0.1850478020241131,0.1823547925189481,0.1797551304995005,0.1771818856697514,0.1746560893381092,0.172199683486641,0.1698103644864873,0.1674930128386459,0.1652934994124471,0.1631535116407382,0.1609846276607983,0.1588377647176916,0.1567706332853342,0.1547790807912413,0.1528330375444821,0.1510519100125596,0.1494425399200489,0.1478840369782779,0.1463592700414143,0.1434195947367759,,
Ghana,GHA,Arable land (hectares),AG.LND.ARBL.HA,,1700000.0,1700000.0,1700000.0,1700000.0,1700000.0,1700000.0,1700000.0,1700000.0,1700000.0,1700000.0,1700000.0,1700000.0,1700000.0,1700000.0,1800000.0,1800000.0,1800000.0,1900000.0,1900000.0,1900000.0,1900000.0,2100000.0,2100000.0,2300000.0,2400000.0,2400000.0,2500000.0,2600000.0,2600000.0,2700000.0,2800000.0,2800000.0,2800000.0,2800000.0,3000000.0,3200000.0,3600000.0,3648256.5,3696513.0,3744769.6,3793026.1,3841282.6,3889539.1,3937795.7,3986052.2,4034308.7,4082565.2,4130821.7,4179078.3,4227334.8,4275591.3,4323847.8,4372104.3,4420360.9,4468617.4,4516873.9,4565130.4,4613387.0,4661643.5,4709900.0,4708900.0,,
Ghana,GHA,Average precipitation in depth (mm per year),AG.LND.PRCP.MM,,1187.0,1187.0,1187.0,1187.0,1187.0,1187.0,1187.0,1187.0,1187.0,1187.0,1187.0,1187.0,1187.0,1187.0,1187.0,1187.0,1187.0,1187.0,1187.0,1187.0,1187.0,1187.0,1187.0,1187.0,1187.0,1187.0,1187.0,1187.0,1187.0,1187.0,1187.0,1187.0,1187.0,1187.0,1187.0,1187.0,1187.0,1187.0,1187.0,1187.0,1187.0,1187.0,1187.0,1187.0,1187.0,1187.0,1187.0,1187.0,1187.0,1187.0,1187.0,1187.0,1187.0,1187.0,1187.0,1187.0,1187.0,1187.0,1187.0,1187.0,,,
Ghana,GHA,Cereal production (metric tons),AG.PRD.CREL.MT,,436400.0,421000.0,392348.0,400221.0,388943.0,646900.0,585651.0,522656.0,535463.0,857500.0,823100.0,723500.0,764100.0,890100.0,671500.0,688800.0,639000.0,540000.0,780000.0,674000.0,725000.0,628000.0,432000.0,1072000.0,921000.0,866700.0,1057400.0,1146000.0,1183700.0,843800.0,1436200.0,1254200.0,1644700.0,1593915.0,1796920.0,1770069.0,1669220.67,1787521.22,1685991.8,1710622.41,1626674.06,2155213.75,2040844.47,1830250.66,1948025.7,1919026.8,1672835.0,2296821.04,2607164.16,2906709.36,2618992.0,2890743.0,2745913.0,2780040.0,2753193.99,2798251.57,3126782.91,3573624.57,4411039.86,4636040.87,4858041.11,5136566.36,
Ghana,GHA,Cereal yield (kg per hectare),AG.YLD.CREL.KG,,816.4,809.6,788.2,777.6,809.2,1088.7,916.1,859.3,824.8,858.2,860.7,867.1,863.7,957.1,834.3,816.7,832.0,837.2,844.2,717.8,860.0,764.0,517.4,840.1,890.7,984.8,938.6,1095.8,1012.9,989.2,1220.8,1042.1,1340.2,1327.5,1354.1,1389.2,1321.7,1333.8,1297.0,1309.2,1186.1,1349.0,1396.4,1373.3,1432.3,1334.5,1317.0,1598.1,1659.8,1814.3,1594.2,1768.1,1688.8,1703.4,1830.3,1842.4,1930.7,2172.6,2346.2,2410.8,2360.5,2503.9,
Ghana,GHA,CO2 emissions (kg per 2015 US$ of GDP),EN.ATM.CO2E.KD.GD,,,,,,,,,,,,,,,,,,,,,,,,,,,,,,,0.1911471795392832,0.1628240543994777,0.1845476952923137,0.1785874755740831,0.1868655372596585,0.1960989785259545,0.2050674320238153,0.203662164292848,0.293494574483614,0.3007775253991018,0.2467101742547328,0.2609458496343229,0.305902060971196,0.2781948636261486,0.2446077085138232,0.2468195987651825,0.2857394957266216,0.2956069898540306,0.2562987031867409,0.2859837358347181,0.2952550136470558,0.269373716505516,0.293773856100807,0.2955087363899085,0.2762857296807129,0.2898574481985187,0.2847959596752156,0.2740638798521522,0.2860253210941341,0.2887873042228047,0.3090043716294342,,,
Ghana,GHA,CO2 emissions (kg per 2021 PPP $ of GDP),EN.ATM.CO2E.PP.GD.KD,,,,,,,,,,,,,,,,,,,,,,,,,,,,,,,0.0586903030763615,0.0499939006364643,0.0566639811000924,0.0548339404868446,0.0573756570341787,0.0602107156924485,0.0629644118504791,0.0625329349684623,0.0901153005198858,0.0923514757935702,0.0757505024867841,0.0801214594872411,0.0939249258783515,0.085417639432918,0.0751049562022976,0.0757841004592876,0.0877341619452755,0.0907639017632404,0.0786945881407414,0.0878091540325359,0.0906558301175441,0.0827091725895204,0.0902010518388235,0.0907337337764486,0.0848314542213911,0.0889985482637774,0.0874444563008921,0.0841492519511683,0.0878219224735065,0.0886699686089722,0.0948774670207731,,,
Ghana,GHA,CO2 emissions (kg per PPP $ of GDP),EN.ATM.CO2E.PP.GD,,,,,,,,,,,,,,,,,,,,,,,,,,,,,,,0.1034332921072053,0.0852249747351977,0.0944432856561152,0.0892769569514867,0.0914623081947846,0.0940105555075103,0.0965425967208989,0.0942556289957543,0.1343208265995138,0.1357331866199231,0.1088679065263203,0.1126140846451385,0.1299953175299288,0.1159320773751999,0.0992659617799596,0.0971184786399435,0.109069149878954,0.1098592827847781,0.0934502492658831,0.1036346470677476,0.1057096923979767,0.0944939385176488,0.097624983646176,0.0973319252901545,0.0863988927419382,0.0961301956891266,0.0988743292155855,0.0975369100042448,0.0988940737043094,0.096140135766505,0.1006100634779894,,,
Ghana,GHA,CO2 emissions (kt),EN.ATM.CO2E.KT,,,,,,,,,,,,,,,,,,,,,,,,,,,,,,,2516.9,2257.2,2657.6,2696.5,2914.6,3184.4,3483.3,3604.6,5438.7,5818.9,4949.5,5444.5,6669.7,6381.0,5924.8,6331.1,7798.5,8418.5,7966.9,9320.3,10382.6,10803.1,12876.5,13899.7,13366.7,14320.7,14545.3,15135.0,16774.9,18039.1,19401.16,,,
Ghana,GHA,CO2 emissions (metric tons per capita),EN.ATM.CO2E.PC,,,,,,,,,,,,,,,,,,,,,,,,,,,,,,,0.16293797714013,0.1424687809887113,0.1636297229796076,0.1620139064590045,0.1710360290628627,0.1826035327739623,0.195208364039249,0.1973172819853689,0.2906109996479774,0.3034345005898015,0.2516843963606929,0.269588732225873,0.3213024017447264,0.2991629345141197,0.2704592310828723,0.281420357807598,0.3376180689155604,0.3550863156900193,0.3275043783243889,0.3735477096851791,0.405971224942882,0.4122385836097242,0.4794152463170119,0.5049736069303057,0.4740576779454992,0.4960247396179251,0.4921550679100773,0.5007897820487428,0.5433933166467131,0.5722648957293394,0.6028874531426752,,,
Ghana,GHA,"CO2 emissions from electricity and heat production, total (% of total fuel combustion)",EN.CO2.ETOT.ZS,,,,,,,,,,,,4.712041884816754,5.472636815920399,4.807692307692308,7.339449541284402,6.493506493506493,6.382978723404255,5.9760956175298805,5.533596837944665,5.882352941176471,5.936073059360731,4.797047970479705,5.194805194805195,4.0,4.972375690607735,5.2631578947368425,4.4843049327354265,2.586206896551724,3.3472803347280333,3.0303030303030303,2.755905511811024,3.508771929824562,2.9850746268656714,2.941176470588235,3.741496598639456,2.8037383177570097,2.2792022792022792,0.8333333333333334,22.52747252747253,20.136518771331065,11.44578313253012,17.7007299270073,29.596412556053806,27.613104524180965,11.14864864864865,18.593749999999996,31.354838709677423,31.466030989272937,24.74226804123712,18.7027027027027,29.665071770334933,24.214417744916823,24.353954581049333,26.73992673992674,24.332570556826848,,,,,,,,,
Ghana,GHA,CO2 emissions from gaseous fuel consumption (% of total),EN.ATM.CO2E.GF.ZS,0.0,0.0,0.0,0.0,0.0,0.0,0.0,0.0,0.0,0.0,0.0,0.0,0.0,0.0,0.0,0.0,0.0,0.0,0.0,0.0,0.0,0.0,0.0,0.0,0.0,0.0,0.0,0.0,0.0,0.0,0.0,0.0,0.0,0.0,0.0,0.0,0.0,0.0,0.0,0.0,0.0,0.0,0.0,0.0,0.0,0.0,0.0,0.0,0.0,0.1105628140703517,7.2682242152466365,12.974152334152333,5.647489451476793,4.006582278481012,8.905935977731385,16.141586252478522,10.057611622962437,,,,,,,
Ghana,GHA,CO2 emissions from gaseous fuel consumption (kt),EN.ATM.CO2E.GF.KT,0.0,0.0,0.0,0.0,0.0,0.0,0.0,0.0,0.0,0.0,0.0,0.0,0.0,0.0,0.0,0.0,0.0,0.0,0.0,0.0,0.0,0.0,0.0,0.0,0.0,0.0,0.0,0.0,0.0,0.0,0.0,0.0,0.0,0.0,0.0,0.0,0.0,0.0,0.0,0.0,0.0,0.0,0.0,0.0,0.0,0.0,0.0,0.0,0.0,11.001,810.407,1584.144,803.073,601.388,1279.783,2442.222,1419.129,,,,,,,
Ghana,GHA,CO2 emissions from liquid fuel consumption (% of total),EN.ATM.CO2E.LF.ZS,88.7218045112782,88.55585831062672,93.8618925831202,93.40425531914894,92.88888888888889,95.6989247311828,90.0763358778626,94.85294117647058,90.02079002079002,85.24945770065075,88.40782122905027,87.8594249201278,90.92284417549168,90.07407407407408,90.88639200998752,87.31642189586114,85.39156626506023,89.62148962148962,91.35802469135804,94.75862068965516,93.98280802292264,93.26113116726836,95.06024096385542,95.88766298896692,95.3125,94.48732083792724,96.26955475330928,95.64732142857144,92.87991498405952,91.33771929824562,125.78204301075267,152.12320312499995,105.12860389610388,119.55109717868338,131.10054913294798,124.53962264150944,118.70679706601469,128.4732167832168,91.61488524590165,85.37756838905776,92.63327526132404,96.1923188405797,87.276576819407,93.75793828892004,96.71574018126888,86.81700854700854,100.35313167259788,98.66458563535912,96.25875,68.36467336683417,72.616466367713,71.17764127764129,82.72669479606189,78.86126582278482,81.71004871259568,80.63522141440846,93.94900779588944,,,,,,,
Ghana,GHA,CO2 emissions from liquid fuel consumption (kt),EN.ATM.CO2E.LF.KT,1298.118,1191.775,1345.789,1609.813,1532.806,1631.815,1298.118,1419.129,1587.811,1441.131,2321.211,2016.85,2203.867,2229.536,2669.576,2398.218,2079.189,2691.578,2713.58,2519.229,2405.552,2841.925,2893.263,3505.652,2460.557,3142.619,2933.6,3142.619,3204.958,3054.611,3509.319,3894.354,3237.961,3813.68,4536.079,4620.42,4855.108,5511.501,5588.508,5617.844,5317.15,5973.543,6475.922,6684.941,6402.582,6094.554,8459.769,8929.145,8239.749,6802.285,8096.736,8690.79,11763.736,11837.076,11741.734,12200.109,13256.205,,,,,,,
Ghana,GHA,CO2 emissions from manufacturing industries and construction (% of total fuel combustion),EN.CO2.MANF.ZS,,,,,,,,,,,,21.465968586387437,21.39303482587065,20.673076923076923,19.724770642201833,20.346320346320347,19.574468085106385,18.326693227091635,16.600790513833992,16.7420814479638,16.894977168949772,17.712177121771216,11.688311688311687,10.0,17.67955801104972,8.61244019138756,11.210762331838566,12.06896551724138,11.715481171548117,11.363636363636363,11.811023622047244,12.719298245614036,12.686567164179104,12.867647058823527,13.945578231292515,14.018691588785048,13.96011396011396,14.166666666666666,10.622710622710622,11.262798634812286,13.654618473895583,11.861313868613138,12.406576980568012,12.792511700468015,15.202702702702704,14.687499999999998,13.161290322580646,12.395709177592371,12.757731958762886,14.270270270270272,12.057416267942584,13.308687615526802,12.920908379013312,12.454212454212453,12.585812356979408,,,,,,,,,
Ghana,GHA,"CO2 emissions from other sectors, excluding residential buildings and commercial and public services (% of total fuel combustion)",EN.CO2.OTHX.ZS,,,,,,,,,,,,4.712041884816754,4.975124378109454,4.807692307692308,4.587155963302752,4.329004329004329,4.255319148936168,4.382470119521913,4.347826086956521,4.524886877828057,4.566210045662098,4.797047970479704,5.194805194805193,4.666666666666665,4.972375690607735,5.263157894736843,5.3811659192825125,5.1724137931034475,5.020920502092049,4.924242424242423,4.724409448818898,4.8245614035087705,5.223880597014925,5.51470588235294,5.78231292517007,6.230529595015577,6.267806267806267,6.11111111111111,5.311355311355311,5.460750853242321,10.642570281124495,9.306569343065693,2.5411061285500747,2.652106084243371,3.209459459459459,3.125000000000001,2.7096774193548394,2.860548271752086,3.47938144329897,3.4594594594594583,2.392344497607655,2.865064695009242,2.9757243539545812,2.637362637362638,1.754385964912281,,,,,,,,,
Ghana,GHA,CO2 emissions from residential buildings and commercial and public services (% of total fuel combustion),EN.CO2.BLDG.ZS,,,,,,,,,,,,15.183246073298433,15.92039800995025,16.346153846153843,16.513761467889907,15.584415584415584,15.74468085106383,16.73306772908367,19.367588932806328,20.814479638009047,14.611872146118724,18.081180811808117,19.48051948051948,14.666666666666666,17.127071823204425,20.095693779904305,17.937219730941703,20.258620689655174,19.24686192468619,18.560606060606062,17.322834645669293,13.157894736842104,12.313432835820894,12.132352941176467,12.925170068027212,13.084112149532707,13.675213675213676,14.166666666666666,10.439560439560438,10.068259385665527,5.421686746987952,7.664233576642335,4.783258594917788,7.800312012480499,8.783783783783784,7.343749999999999,5.677419354838709,7.628128724672228,10.953608247422682,9.08108108108108,6.6028708133971294,6.7467652495378925,6.421299921691465,5.347985347985348,5.949656750572082,,,,,,,,,
Ghana,GHA,CO2 emissions from solid fuel consumption (% of total),EN.ATM.CO2E.SF.ZS,11.278195488721805,11.444141689373298,6.39386189258312,6.595744680851063,7.333333333333332,4.301075268817205,9.923664122137405,5.392156862745098,3.5343035343035343,3.036876355748373,3.2122905027932953,0.6389776357827476,0.605143721633888,1.1851851851851851,0.2496878901373283,0.5340453938584779,1.2048192771084338,0.122100122100122,0.1234567901234567,0.1379310344827586,0.1432664756446991,0.1203369434416365,0.1204819277108433,0.1003009027081243,0.1420454545454545,0.1102535832414553,0.1203369434416365,0.2232142857142857,0.2125398512221041,0.219298245614035,0.2628673835125448,0.2864843749999999,0.2381168831168831,0.2299059561128526,0.2119653179190751,0.1976819407008086,0.1793154034229828,0.1709557109557109,0.0,0.0,0.0,0.0,0.0,0.0,0.0,0.0,0.0,0.0,0.0,0.0,0.0,0.0,0.0,0.0,0.0,0.0,0.0,,,,,,,
Ghana,GHA,CO2 emissions from solid fuel consumption (kt),EN.ATM.CO2E.SF.KT,165.015,154.014,91.675,113.677,121.011,73.34,143.013,80.674,62.339,51.338,84.341,14.668,14.668,29.336,7.334,14.668,29.336,3.667,3.667,3.667,3.667,3.667,3.667,3.667,3.667,3.667,3.667,7.334,7.334,7.334,7.334,7.334,7.334,7.334,7.334,7.334,7.334,7.334,0.0,0.0,0.0,0.0,0.0,0.0,0.0,0.0,0.0,0.0,0.0,0.0,0.0,0.0,0.0,0.0,0.0,0.0,0.0,,,,,,,
Ghana,GHA,CO2 emissions from transport (% of total fuel combustion),EN.CO2.TRAN.ZS,,,,,,,,,,,,54.45026178010471,52.23880597014926,52.88461538461539,52.29357798165136,53.24675324675325,54.46808510638298,54.183266932270925,54.15019762845851,52.03619909502262,57.534246575342465,54.61254612546126,58.44155844155844,66.66666666666666,54.696132596685075,60.76555023923446,60.986547085201806,59.48275862068966,60.66945606694561,62.12121212121211,63.779527559055126,65.78947368421053,66.7910447761194,66.17647058823529,63.94557823129251,63.862928348909655,63.53276353276354,64.72222222222223,50.91575091575091,52.73037542662116,58.83534136546184,53.46715328467153,50.672645739910315,49.141965678627145,61.6554054054054,56.25,47.096774193548384,45.76877234803337,48.06701030927835,54.48648648648648,49.186602870813395,52.772643253234754,53.328112764291305,52.820512820512825,55.37757437070938,,,,,,,,,
Ghana,GHA,CO2 intensity (kg per kg of oil equivalent energy use),EN.ATM.CO2E.EG.ZS,,,,,,,,,,,,0.7660930835291498,0.7647419238509959,0.7356240913267847,0.8313331169101332,0.7505022324478231,0.6648093015331453,0.7725268334140601,0.7658736083059565,0.6800408959455512,0.6361578893474199,0.7239049112495335,0.7032900352475718,0.9957674424812046,0.6578756845205407,0.7642039051045666,0.673327071320001,0.6698720556019381,0.7189494971214075,0.6462433178640663,0.527307238491992,0.4675717101581416,0.5431461742141354,0.5368790463681732,0.5596288593162597,0.5733019907641204,0.6109210882640566,0.6131749426702868,0.8248914929616471,0.8567459564650662,0.9145419499117802,0.983117295550389,1.1818147067443077,1.2002025362821396,1.1150076492556482,1.1928224711441462,1.3445190513405318,1.4432868026173726,1.3650570900044652,1.4650743933855794,1.5053462066760686,1.5442984085378837,1.6618070691075677,1.6766045418222917,1.5906890340200452,,,,,,,,,
Ghana,GHA,Combustible renewables and waste (% of total energy),EG.USE.CRNW.ZS,,,,,,,,,,,,69.65335714836371,69.01322554092081,68.13132207717794,68.2795289597167,67.86269762764847,69.83063101632312,67.77327999790101,69.76427934363636,70.96502972041478,70.86708110101813,69.31017206560685,69.14023560924414,83.65293137292018,80.99769195307861,75.71892934172847,75.50715347743918,72.29923759369524,76.62189597063735,73.73970819665034,57.415593514536766,57.60311782660981,57.44388003876089,56.63202141861285,56.2409373686348,55.20887354039786,54.640274278175816,53.49492565575416,51.944039361117476,51.1112242444002,52.77147636068386,49.38750684303464,46.86481441367975,46.822762573341976,44.39504013606462,42.56053446602758,38.1100974497201,36.78225187826634,35.79364674363717,32.65362225287508,29.79392012943547,28.734726338559536,26.612823494352543,26.171405950750938,26.875504838982312,,,,,,,,,
Ghana,GHA,"Droughts, floods, extreme temperatures (% of population, average 1990-2009)",EN.CLC.MDAT.ZS,,,,,,,,,,,,,,,,,,,,,,,,,,,,,,,,,,,,,,,,,,,,,,,,,,0.9744382369738912,,,,,,,,,,,,,,
Ghana,GHA,"Electricity production from renewable sources, excluding hydroelectric (% of total)",EG.ELC.RNWX.ZS,,,,,,,,,,,,0.0,0.0,0.0,0.0,0.0,0.0,0.0,0.0,0.0,0.0,0.0,0.0,0.0,0.0,0.0,0.0,0.0,0.0,0.0,0.0,0.0,0.0,0.0,0.0,0.0,0.0,0.0,0.0,0.0,0.0,0.0,0.0,0.0,0.0,0.0,0.0,0.0,0.0,0.0,0.0,0.0,0.0,0.0233082122601196,0.0308570546941294,0.0261073883909146,,,,,,,,
Ghana,GHA,"Electricity production from renewable sources, excluding hydroelectric (kWh)",EG.ELC.RNWX.KH,,,,,,,,,,,,0.0,0.0,0.0,0.0,0.0,0.0,0.0,0.0,0.0,0.0,0.0,0.0,0.0,0.0,0.0,0.0,0.0,0.0,0.0,0.0,0.0,0.0,0.0,0.0,0.0,0.0,0.0,0.0,0.0,0.0,0.0,0.0,0.0,0.0,0.0,0.0,0.0,0.0,0.0,0.0,0.0,0.0,3000000.0,4000000.0,3000000.0,,,,,,,,
Ghana,GHA,Energy related methane emissions (% of total),EN.ATM.METH.EG.ZS,,,,,,,,,,,18.98602114898861,19.36452803731248,19.290049031276855,18.61448994345484,23.173630388009578,22.494934596709587,22.425304767175255,20.017615675377986,22.57127172601259,21.991003284715045,19.475916650232513,22.090222710914663,21.517545978547258,23.914005738631968,24.26812404655253,25.83083272852575,25.74627755876715,25.218897674921735,26.936855003286087,25.47838665668571,29.01023890784983,30.4,32.863849765258216,35.46944858420268,36.66191155492154,37.87465940054496,37.4025974025974,35.851318944844124,34.033149171270715,37.48558246828143,34.95850622406639,40.618556701030926,40.86345381526104,39.69754253308129,40.991420400381315,37.954939341421145,39.198606271777,40.81455805892548,41.344537815126046,,,,,,,,,,,,,,,
Ghana,GHA,Fertilizer consumption (kilograms per hectare of arable land),AG.CON.FERT.ZS,,0.4223529411764706,1.1352941176470588,1.2352941176470589,0.8664705882352941,0.6670588235294118,0.7058823529411765,0.7758823529411765,0.7976470588235294,0.6988235294117647,1.9664705882352944,1.6970588235294115,2.6482352941176472,3.907058823529412,5.722941176470588,13.61111111111111,11.38888888888889,17.333333333333332,10.0,9.736842105263158,6.315789473684211,15.263157894736842,12.904761904761903,10.19047619047619,3.652173913043478,5.208333333333333,3.1666666666666665,4.3544,4.867307692307692,3.2615384615384615,4.814814814814815,2.857142857142857,3.607142857142857,2.702857142857143,2.75,3.2333333333333334,5.4375,5.921111111111111,4.161988061968779,4.167711570336693,3.174027048286228,8.180012259868183,4.076763318585308,7.35845540156673,13.40902474955722,6.019740534255924,20.883627472533274,18.705886191358314,15.849873162039406,20.891209432472227,20.437226784119396,14.60569909944386,37.78139461800668,27.1535150705348,16.69546936767086,24.974167625091376,22.29418005227022,38.24644308079348,27.550257543969323,40.13605931041273,50.11192382003864,37.37177047718151,,
Ghana,GHA,Food exports (% of merchandise exports),TX.VAL.FOOD.ZS.UN,,,72.91468974222636,76.72762197497195,72.47576265344205,73.82916045136128,70.51645051951684,75.06856403208127,71.27149158137037,63.123680825046655,77.74711432469917,73.13672189947006,67.17751262023263,64.61467390985042,74.22560492709464,77.774535042125,70.2524328960498,75.53242588847007,76.66505609765414,81.92358386205004,78.42299310280539,51.33155905807081,61.61771276182865,63.238516569308814,89.59822403228594,,,,,,,,29.281008475596053,,,,40.89778199989726,37.418878350864496,56.60157359254292,51.03031930438503,30.14557454924565,33.268599046847754,,40.17378175954155,52.01391067246863,37.133335660173294,41.94222519525456,36.72262727746913,34.915084238280045,25.586840646877167,21.62559775640542,20.203417164721728,16.676683799023344,18.39964381241369,26.95184079832548,34.76185058120089,29.976750983183408,23.85211436596844,26.057369380891064,21.980491626223124,,25.32424429585136,20.97937998044823,18.05904768212916
Ghana,GHA,Food imports (% of merchandise imports),TM.VAL.FOOD.ZS.UN,,,20.827324261830732,15.73150489001094,18.29664037525942,12.78499637801034,17.673866783122584,19.341776088080916,19.12067772726776,17.678557056567865,20.853793912351595,16.375752393405428,20.322964333984658,23.44187447604136,17.29196152356018,13.424449295432476,14.371437617790969,9.082537082790791,11.658838410630183,9.762716124860692,10.092930153256766,8.81584589603143,11.162767187502164,14.663707397259218,7.717260803940647,,,,,,,,11.189091910096122,,,,7.906864762498583,5.846445843644204,10.230469373777945,11.730798272847473,12.759219094800272,18.199216331330874,19.5641722154173,16.102347932762733,20.78035321301006,13.89677904610987,13.44817868213411,14.399109857617775,14.75655130041928,16.336731038405006,15.331919702909367,15.400082795810416,13.867723380365009,16.821483067386687,20.70857090260876,15.16311370910624,14.60490332943528,18.291672356976427,20.06731209191563,17.406953900925977,,17.403049902196834,14.846310700070758,13.694521898750043
Ghana,GHA,Food production index (2014-2016 = 100),AG.PRD.FOOD.XD,,18.4,18.68,19.08,21.63,19.59,20.27,21.72,21.06,22.75,24.03,24.95,24.49,24.95,28.1,26.23,23.18,20.4,20.11,20.88,20.96,20.72,19.33,19.42,24.68,24.6,26.43,26.85,27.93,30.29,24.93,35.83,35.34,38.08,37.07,42.36,46.17,44.85,48.68,51.59,52.11,54.25,60.07,62.42,64.59,66.33,68.26,66.65,74.63,81.98,83.94,87.25,92.17,94.83,99.06,99.74,101.19,107.89,113.03,119.42,122.4,130.54,135.5,
Ghana,GHA,"Food, beverages and tobacco (% of value added in manufacturing)",NV.MNF.FBTO.ZS.UN,,,,42.857142857142854,40.64366290643663,41.821296031972594,42.163964585489246,37.1512630617835,40.83014935741577,37.66308243727599,33.88852326228927,34.93192797540623,38.96957765313324,40.13413927299826,36.46363918980319,33.63328774026348,36.066866973701,37.03191142950179,35.48970821081203,34.44686287498817,37.13615583044585,41.41989566842283,46.68267718786631,53.30417094201725,63.76426246540136,45.76352934648529,39.53315147102517,38.906618635029375,,,,,,35.57146043749035,,,,,,,,,,32.488755282387636,,,,,,,,,,34.58318110247368,34.58318110284747,34.58318110294534,,,,,,,,
Ghana,GHA,Forest area (% of land area),AG.LND.FRST.ZS,,,,,,,,,,,,,,,,,,,,,,,,,,,,,,,43.61545222817966,43.14272215874132,42.66999208930298,42.19726201986463,41.7245319504263,41.25180188098796,40.77907181154961,40.30634174211128,39.83361167267294,39.36088160323459,38.888151533796254,38.490120418387974,38.0920893029797,37.694058187571414,37.29602707216314,36.897995956754855,36.499964841346575,36.101933725938295,35.70390261053002,35.305871495121735,34.907840379713456,34.852913773402484,34.7979871670915,34.74306056078052,34.68813395446955,34.633207348158564,34.81691131229674,35.00061527643491,35.032345961149694,35.06407664586447,35.096930994624955,35.12867715891761,,
Ghana,GHA,Forest area (sq. km),AG.LND.FRST.K2,,,,,,,,,,,,,,,,,,,,,,,,,,,,,,,99242.6,98166.95,97091.3,96015.65,94940.0,93864.35,92788.7,91713.05,90637.4,89561.75,88486.1,87580.42,86674.74,85769.06,84863.38,83957.7,83052.02,82146.34,81240.66,80334.98,79429.3,79304.32,79179.34,79054.36,78929.38,78804.4,79222.4,79640.4,79712.6,79784.8,79857.1,79929.333,,
Ghana,GHA,Forest rents (% of GDP),NY.GDP.FRST.RT.ZS,,,,,,,,,,,2.74013406395681,2.22825810701143,3.3486573541754,4.8543924895361,4.24560314661578,5.30832476809588,5.5823162351308,7.21425607134252,6.10519425505324,5.4200721875121,5.41173597273167,4.96759871189702,7.2895635881052,5.501751393654,4.60276649210359,3.47862574506399,4.21868969341933,4.60614135261648,4.83895965564789,4.85220546506562,6.07463799548996,4.64134324348933,5.93850516868046,6.9463096131309,9.57657019086354,11.3786675282422,10.7637022925204,10.3983391039645,10.1960118505064,6.26575781484371,9.73486409255911,9.39320531098542,9.85705227600459,13.8961700461814,10.8305885965699,9.36380408433484,5.0076574272652,6.24981033258966,6.57573796480232,7.60843149004494,5.77442765220724,5.50203428673419,6.22274709142471,4.42141324102118,5.66614902136025,6.82969261160183,6.37927612801164,5.90830368191503,3.80854813393799,3.48167988211684,3.79790806842924,3.7560551680039,,
Ghana,GHA,GHG net emissions/removals by LUCF (Mt of CO2 equivalent),EN.CLC.GHGR.MT.CE,,,,,,,,,,,,,,,,,,,,,,,,,,,,,,,,,,,,,-19.0227,,,,,,,,,,,,,,,,,,,,,,,,,,,
Ghana,GHA,HFC gas emissions (thousand metric tons of CO2 equivalent),EN.ATM.HFCG.KT.CE,,,,,,,,,,,,,,,,,,,,,,,,,,,,,,,0.0,,,,,,,,,,1.9,,,,,7.8,,,11.2,,13.0,,,,,,,,,,,,,
Ghana,GHA,Land under cereal production (hectares),AG.LND.CREL.HA,,534518.0,520000.0,497756.0,514672.0,480680.0,594200.0,639305.0,608229.0,649182.0,999200.0,956300.0,834400.0,884700.0,930000.0,804900.0,843400.0,768000.0,645000.0,924000.0,939000.0,843000.0,822000.0,835000.0,1276000.0,1034000.0,880100.0,1126600.0,1045800.0,1168600.0,853000.0,1176400.0,1203500.0,1227200.0,1200700.0,1327000.0,1274130.0,1262930.0,1340140.0,1299931.0,1306632.0,1371450.0,1597603.0,1461534.0,1332720.0,1360035.0,1438036.0,1270218.0,1437191.0,1570744.0,1602099.0,1642866.0,1634973.0,1625970.0,1632045.0,1504191.0,1518801.0,1619488.0,1644881.0,1880045.0,1923044.0,2058044.0,2051393.0,
Ghana,GHA,Level of water stress: freshwater withdrawal as a proportion of available freshwater resources,ER.H2O.FWST.ZS,,,,,,,,,,,1.3077593723,1.4068584714,1.5059575705,1.6050566696,1.7041557687,1.8032548678,1.9023539669,2.001453066,2.1005521651,2.1996512642,2.2987503633,2.3978494624,2.4969485615,2.5960476606,2.6951467597,2.7942458588,2.8933449579,2.992444057,3.0915431561,3.1906422552,3.2897413543,3.3888404534,3.4879395525,3.5870386516,3.6861377507,3.7852368498,3.8843359489,3.983435048,4.0825341471,4.1816332461,4.2807323452,4.3989755885,4.5172188317,4.635462075,4.7537053182,4.8719485615,4.9901918047,5.108435048,5.2266782912,5.3449215344,5.4631647777,5.5944856146,5.7345248474,5.8309721011,5.9326503923,6.2705972101,6.3147340889,6.3147340889,6.3147340889,6.3147340889,6.3147340889,,,
Ghana,GHA,Methane emissions (% change from 1990),EN.ATM.METH.ZG,,,,,,,,,,,,,,,,,,,,,,,,,,,,,,,,-10.2214336910326,1.58592354051625,2.03527695615744,5.76222251385539,13.3568126066284,14.6234819652934,17.6908458595383,14.0928638488174,9.21900079750451,21.4921158097699,23.0181003240493,16.635918997769,15.3365670963769,10.869153736662,25.8762454698715,39.6768592455002,110.431409563997,183.890156371455,152.841740780747,160.760001615199,163.367601631351,165.975201647503,,,,,,,,,,,
Ghana,GHA,Methane emissions (kt of CO2 equivalent),EN.ATM.METH.KT.CE,,,,,,,,,,,,,,,,,,,,,,,,,,,,,,,4969.69,5194.88,5166.1125,5237.725,5413.88,5552.96,5886.16,6451.73,7102.2225,6575.515,7127.54,6567.495,6654.865,7108.665,6888.8675,7811.5475,7622.575,7453.944212,7639.538424,7577.460137,7884.654349,8925.802131,8682.964914,9303.337696,9420.435479,9825.823261,9890.269798,10698.03884,10742.06787,11193.33691,11847.91345,,,
Ghana,GHA,Methane emissions in energy sector (thousand metric tons of CO2 equivalent),EN.ATM.METH.EG.KT.CE,,,,,,,,,,,,,,,,,,,,,,,,,,,,,,,857.5,887.0,917.9,947.7,1013.5,1040.8,1070.6,1096.7,1128.9,1154.8,859.3,802.9,766.8,722.8,703.3,654.5,642.9,621.7,661.7,652.9,674.7,1147.1,1148.0,1327.6,1413.9,1503.7,1399.1,1985.8,1995.5,2271.3,2264.2,,,
Ghana,GHA,Nitrous oxide emissions (thousand metric tons of CO2 equivalent),EN.ATM.NOXE.KT.CE,,,,,,,,,,,,,,,,,,,,,,,,,,,,,,,3447.5614,3527.2354,3504.3442,3536.194,3544.1542,3563.3014,3837.0512,3903.9452,4489.1266,3905.259,4484.8474,3865.9606,3799.9994,4145.8112,3675.6434,4638.74,4502.0804,4250.136425,4286.985051,4141.042476,4386.153302,4790.764366,4679.436231,5043.540495,4915.16056,5171.045024,5192.00023,5518.409035,5369.03804,5489.526246,6369.119051,,,
Ghana,GHA,Nitrous oxide emissions in energy sector (thousand metric tons of CO2 equivalent),EN.ATM.NOXE.EG.KT.CE,,,,,,,,,,,,,,,,,,,,,,,,,,,,,,,180.2,181.5,192.7,197.7,204.2,212.5,221.0,227.4,245.1,256.1,217.1,208.1,210.5,196.0,197.0,189.6,187.1,187.7,191.4,210.3,212.5,226.2,257.5,271.4,267.5,279.0,269.4,266.3,286.6,299.5,310.8,,,
Ghana,GHA,"Other greenhouse gas emissions, HFC, PFC and SF6 (thousand metric tons of CO2 equivalent)",EN.ATM.GHGO.KT.CE,,,,,,,,,,,10308.77290679932,10071.26112701416,10050.432314910886,10842.182886199951,8845.60326583862,9286.975383148188,9500.141130828864,10916.434861755371,9317.673030700682,10262.806932525633,12456.05565048218,10586.044226531976,12097.171185379026,10794.66010910034,10739.585168914791,9861.18599899292,10226.497599334722,10615.891102294916,10058.3215612793,10835.02982666016,237.6724548339807,237.7499389648401,297.7108764648401,316.0887966156006,229.27972602844056,145.4671745300293,198.14481568336123,307.22227668762025,104.10565185546876,41.33557128905886,-89.28009033203125,39.28607177734011,-78.83386230469114,284.72436523437136,208.07913208007992,102.90356445312136,133.1040649414099,457.1780395507813,882.1220092773401,591.1055297851599,331.76922607420056,342.7451171875,1645.906738281199,1602.882690429702,1520.0139160155995,2085.180053710901,680.0140380859011,,,,,,,
Ghana,GHA,PFC gas emissions (thousand metric tons of CO2 equivalent),EN.ATM.PFCG.KT.CE,,,,,,,,,,,,,,,,,,,,,,,,,,,,,,,596.1999999999999,,,,,,,,,,146.1,,,,,6.8999999999999995,,,0.0,,0.0,,,,,,,,,,,,,
Ghana,GHA,Prevalence of moderate or severe food insecurity in the population (%),SN.ITK.MSFI.ZS,,,,,,,,,,,,,,,,,,,,,,,,,,,,,,,,,,,,,,,,,,,,,,,,,,,,,,,,38.3,40.8,43.8,39.5,38.2,36.6,39.4,,
Ghana,GHA,Prevalence of severe food insecurity in the population (%),SN.ITK.SVFI.ZS,,,,,,,,,,,,,,,,,,,,,,,,,,,,,,,,,,,,,,,,,,,,,,,,,,,,,,,,5.1,6.0,6.9,6.2,6.0,5.6,6.2,,
Ghana,GHA,Renewable electricity output (% of total electricity output),EG.ELC.RNEW.ZS,,,,,,,,,,,,,,,,,,,,,,,,,,,,,,,100.0,100.0,100.0,99.6515127514652,99.5417348608838,99.6893394375409,99.9698204315678,99.4917223351728,77.5303643724696,83.5866752910737,91.4993769901703,84.0946685328922,69.2424034098721,66.0659639578375,87.4482530220235,82.9257513258692,66.6548042704626,53.4107194038406,74.4233541566554,76.7693681625363,68.8108586603718,67.5089285714286,67.1240851630073,63.9888120581151,64.7303864846101,50.8920024366896,,,,,,,,
Ghana,GHA,Renewable energy consumption (% of total final energy consumption),EG.FEC.RNEW.ZS,,,,,,,,,,,,,,,,,,,,,,,,,,,,,,,80.6,82.9,81.0,81.3,80.6,79.8,78.8,78.3,73.6,72.8,71.6,69.3,65.7,64.5,62.4,61.4,58.6,54.5,57.3,51.9,51.9,50.1,46.5,46.2,47.7,44.0,45.2,45.3,42.1,42.6,40.0,39.0,,
Ghana,GHA,Renewable internal freshwater resources per capita (cubic meters),ER.H2O.INTR.PC,,4262.185454581772,4161.40653892934,4062.6190377546022,3965.8668442537337,3870.855980395839,3778.215978786128,3687.887395531157,3599.3648012057756,3511.067103676713,3419.133266643308,3326.425054765252,3235.122281216047,3144.067720105753,3054.7498890762854,2967.7229279025505,2883.241288472002,2798.9479650632175,2714.2681822375785,2631.196173910778,2553.6765103732364,2480.9710340490756,2407.6327201577496,2333.6178601401975,2270.940942269608,2219.5455821043975,2168.6723187659154,2117.2835322159017,2065.2035892011527,2012.9617463526029,1961.5482169915133,1912.4597129000329,1865.5857187997103,1820.5159895078195,1778.0799013946132,1737.497501272158,1698.0488130190467,1658.6344238352883,1619.0474358456463,1580.034949538742,1540.7692109766635,1500.328512525292,1459.6552727806663,1420.566825854541,1383.1546553151209,1346.8491796955063,1311.7686078273364,1278.0323531992146,1245.5764052804711,1214.391768876638,1184.7637504834363,1156.226368669608,1128.12347791756,1100.7935631695836,1074.6068694403723,1049.4982515116671,1025.2314189240058,1002.572209849812,981.515090664946,961.2245810821486,941.5668872491676,,,
Ghana,GHA,"Renewable internal freshwater resources, total (billion cubic meters)",ER.H2O.INTR.K3,,30.3,30.3,30.3,30.3,30.3,30.3,30.3,30.3,30.3,30.3,30.3,30.3,30.3,30.3,30.3,30.3,30.3,30.3,30.3,30.3,30.3,30.3,30.3,30.3,30.3,30.3,30.3,30.3,30.3,30.3,30.3,30.3,30.3,30.3,30.3,30.3,30.3,30.3,30.3,30.3,30.3,30.3,30.3,30.3,30.3,30.3,30.3,30.3,30.3,30.3,30.3,30.3,30.3,30.3,30.3,30.3,30.3,30.3,30.3,30.3,,,
Ghana,GHA,SF6 gas emissions (thousand metric tons of CO2 equivalent),EN.ATM.SF6G.KT.CE,,,,,,,,,,,,,,,,,,,,,,,,,,,,,,,0.0,,,,,,,,,,0.0,,,,,0.0,,,0.0,,0.0,,,,,,,,,,,,,
Ghana,GHA,Total greenhouse gas emissions (kt of CO2 equivalent),EN.ATM.GHGT.KT.CE,,,,,,,,,,,,,,,,,,,,,,,,,,,,,,,11517.41337,11566.91355,11984.99103,12131.68951,12408.24089,12775.60428,13710.03035,14557.37062,17303.72079,16601.92196,16827.71163,16155.83018,17414.48934,17917.31924,16763.07205,19047.06675,20233.34212,20477.27483,20292.62514,21482.51174,23141.62425,25097.01492,26905.38139,29002.19025,28547.03992,30251.44399,30665.08959,32492.6113,34130.8132,36070.4143,39070.28751,,,
Ghana,GHA,"Water productivity, total (constant 2015 US$ GDP per cubic meter of total freshwater withdrawal)",ER.GDP.FWTL.M3.KD,,,,,,,,,,,34.25530981926496,33.50330355867659,30.52002640358515,29.461684688511554,29.649912423439982,24.53707900850703,22.437791174169377,21.811810554926833,22.54431586416502,20.98721232794512,20.17718199128121,18.665684378138845,16.683823198099354,15.314609813397045,16.02714602659121,16.245836286323915,16.50512234615032,16.723726867311296,17.09871775059854,17.410252896863753,17.44788936400015,17.83228270408258,17.99776702967279,18.34931923053071,18.445259621691296,18.70104222886781,19.062681383547694,19.36848136079421,19.786627909292072,20.167690053203067,20.429737232411146,20.675815252235456,21.0406597514007,21.570151307971056,22.21149984890968,22.95109567581312,23.841311953734618,24.30181596928404,25.9252990143156,26.57992853506939,28.058931474724957,31.249250321765473,33.319144033002715,35.1641986637184,35.54868802156044,34.34610268114937,35.25659594209941,38.12256756485496,40.48619636797169,43.12094685022156,43.34256336485427,,,
Ghana,GHA,Women who believe a husband is justified in beating his wife when she burns the food (%),SG.VAW.BURN.ZS,,,,,,,,,,,,,,,,,,,,,,,,,,,,,,,,,,,,,,,,,,,,13.9,,,,,8.3,,,,,,7.4,,,,,,,,3.7,
