Country Name,Country Code,Year,Adjusted savings: net forest depletion (% of GNI),Adjusted savings: net forest depletion (current US$),Agricultural irrigated land (% of total agricultural land),Agricultural land (% of land area),Agricultural land (sq. km),Agricultural methane emissions (% of total),Agricultural methane emissions (thousand metric tons of CO2 equivalent),Agricultural nitrous oxide emissions (% of total),Agricultural nitrous oxide emissions (thousand metric tons of CO2 equivalent),Agricultural raw materials exports (% of merchandise exports),Agricultural raw materials imports (% of merchandise imports),"Agriculture, forestry, and fishing, value added (% of GDP)","Agriculture, forestry, and fishing, value added (annual % growth)","Agriculture, forestry, and fishing, value added (constant 2015 US$)","Agriculture, forestry, and fishing, value added (constant LCU)","Agriculture, forestry, and fishing, value added (current LCU)","Agriculture, forestry, and fishing, value added (current US$)","Agriculture, forestry, and fishing, value added per worker (constant 2015 US$)","Annual freshwater withdrawals, agriculture (% of total freshwater withdrawal)","Annual freshwater withdrawals, domestic (% of total freshwater withdrawal)","Annual freshwater withdrawals, industry (% of total freshwater withdrawal)","Annual freshwater withdrawals, total (% of internal resources)","Annual freshwater withdrawals, total (billion cubic meters)",Arable land (% of land area),Arable land (hectares per person),Arable land (hectares),Average precipitation in depth (mm per year),CO2 emissions (kg per 2015 US$ of GDP),CO2 emissions (kg per 2021 PPP $ of GDP),CO2 emissions (kg per PPP $ of GDP),CO2 emissions (kt),CO2 emissions (metric tons per capita),"CO2 emissions from electricity and heat production, total (% of total fuel combustion)",CO2 emissions from gaseous fuel consumption (% of total),CO2 emissions from gaseous fuel consumption (kt),CO2 emissions from liquid fuel consumption (% of total),CO2 emissions from liquid fuel consumption (kt),CO2 emissions from manufacturing industries and construction (% of total fuel combustion),"CO2 emissions from other sectors, excluding residential buildings and commercial and public services (% of total fuel combustion)",CO2 emissions from residential buildings and commercial and public services (% of total fuel combustion),CO2 emissions from solid fuel consumption (% of total),CO2 emissions from solid fuel consumption (kt),CO2 emissions from transport (% of total fuel combustion),CO2 intensity (kg per kg of oil equivalent energy use),Cereal production (metric tons),Cereal yield (kg per hectare),Combustible renewables and waste (% of total energy),"Droughts, floods, extreme temperatures (% of population, average 1990-2009)","Electricity production from renewable sources, excluding hydroelectric (% of total)","Electricity production from renewable sources, excluding hydroelectric (kWh)",Energy related methane emissions (% of total),Fertilizer consumption (kilograms per hectare of arable land),Food exports (% of merchandise exports),Food imports (% of merchandise imports),Food production index (2014-2016 = 100),"Food, beverages and tobacco (% of value added in manufacturing)",Forest area (% of land area),Forest area (sq. km),Forest rents (% of GDP),GHG net emissions/removals by LUCF (Mt of CO2 equivalent),HFC gas emissions (thousand metric tons of CO2 equivalent),Land under cereal production (hectares),Level of water stress: freshwater withdrawal as a proportion of available freshwater resources,Methane emissions (% change from 1990),Methane emissions (kt of CO2 equivalent),Methane emissions in energy sector (thousand metric tons of CO2 equivalent),Nitrous oxide emissions (thousand metric tons of CO2 equivalent),Nitrous oxide emissions in energy sector (thousand metric tons of CO2 equivalent),"Other greenhouse gas emissions, HFC, PFC and SF6 (thousand metric tons of CO2 equivalent)",PFC gas emissions (thousand metric tons of CO2 equivalent),Prevalence of moderate or severe food insecurity in the population (%),Prevalence of severe food insecurity in the population (%),Renewable electricity output (% of total electricity output),Renewable energy consumption (% of total final energy consumption),Renewable internal freshwater resources per capita (cubic meters),"Renewable internal freshwater resources, total (billion cubic meters)",SF6 gas emissions (thousand metric tons of CO2 equivalent),Total greenhouse gas emissions (kt of CO2 equivalent),"Water productivity, total (constant 2015 US$ GDP per cubic meter of total freshwater withdrawal)",Women who believe a husband is justified in beating his wife when she burns the food (%)
Ghana,GHA,1960,,,,,,,,,,,,40.851553509781354,,,,35500.0,499999999.99999994,,,,,,,,,,,,,,,,,0.0,0.0,88.7218045112782,1298.118,,,,11.278195488721805,165.015,,,,,,,,,,,,,,,,,,,,,,,,,,,,,,,,,,,,,,
Ghana,GHA,1961,,,,51.4195306319768,117000.0,,,,,,,35.376344086021504,,,,32900.0,463380281.6901408,,,,,,,7.471213852509449,0.2391325172537627,1700000.0,1187.0,,,,,,,0.0,0.0,88.55585831062672,1191.775,,,,11.444141689373298,154.014,,,436400.0,816.4,,,,,,0.4223529411764706,,,18.4,,,,,,,534518.0,,,,,,,,,,,,,4262.185454581772,30.3,,,,
Ghana,GHA,1962,,,,51.4195306319768,117000.0,,,,,12.30164298975872,0.557107449156465,37.89260385005066,,,,37400.0,526760563.3802816,,,,,,,7.471213852509449,0.2334782546594019,1700000.0,1187.0,,,,,,,0.0,0.0,93.8618925831202,1345.789,,,,6.39386189258312,91.675,,,421000.0,809.6,,,,,,1.1352941176470588,72.91468974222636,20.827324261830732,18.68,,,,,,,520000.0,,,,,,,,,,,,,4161.40653892934,30.3,,,,
Ghana,GHA,1963,,,,51.4195306319768,117000.0,,,,,13.804699433442993,0.5737730892816258,35.90909090909091,,,,39500.0,556338028.1690141,,,,,,,7.471213852509449,0.2279357215901922,1700000.0,1187.0,,,,,,,0.0,0.0,93.40425531914894,1609.813,,,,6.595744680851063,113.677,,,392348.0,788.2,,,,,,1.2352941176470589,76.72762197497195,15.73150489001094,19.08,42.857142857142854,,,,,,497756.0,,,,,,,,,,,,,4062.6190377546022,30.3,,,,
Ghana,GHA,1964,,,,51.4195306319768,117000.0,,,,,14.450763640485546,0.6737804158185492,35.35598705501618,,,,43700.0,615492957.7464788,,,,,,,7.471213852509449,0.2225073807007045,1700000.0,1187.0,,,,,,,0.0,0.0,92.88888888888889,1532.806,,,,7.333333333333332,121.011,,,400221.0,777.6,,,,,,0.8664705882352941,72.47576265344205,18.29664037525942,21.63,40.64366290643663,,,,,,514672.0,,,,,,,,,,,,,3965.8668442537337,30.3,,,,
Ghana,GHA,1965,,,,51.4195306319768,117000.0,,,,,12.168139037954116,0.6352768269751432,43.519781718963166,,,,63800.0,898591549.2957746,,,,,,,7.471213852509449,0.2171767381740239,1700000.0,1187.0,,,,,,,0.0,0.0,95.6989247311828,1631.815,,,,4.301075268817205,73.34,,,388943.0,809.2,,,,,,0.6670588235294118,73.82916045136128,12.78499637801034,19.59,41.821296031972594,,,,,,480680.0,,,,,,,,,,,,,3870.855980395839,30.3,,,,
Ghana,GHA,1966,,,,51.4195306319768,117000.0,,,,,13.187715514278356,0.5316626811165144,43.280632411067195,,,,65700.0,925352112.6760564,,,,,,,7.471213852509449,0.2119791143213339,1700000.0,1187.0,,,,,,,0.0,0.0,90.0763358778626,1298.118,,,,9.923664122137405,143.013,,,646900.0,1088.7,,,,,,0.7058823529411765,70.51645051951684,17.673866783122584,20.27,42.163964585489246,,,,,,594200.0,,,,,,,,,,,,,3778.215978786128,30.3,,,,
Ghana,GHA,1967,,,,51.4195306319768,117000.0,,,,,9.789774758021274,0.9055002914258302,40.22606382978723,,,,60500.0,703488372.0930232,,,,,,,7.471213852509449,0.2069111740066985,1700000.0,1187.0,,,,,,,0.0,0.0,94.85294117647058,1419.129,,,,5.392156862745098,80.674,,,585651.0,916.1,,,,,,0.7758823529411765,75.06856403208127,19.341776088080916,21.72,37.1512630617835,,,,,,639305.0,,,,,,,,,,,,,3687.887395531157,30.3,,,,
Ghana,GHA,1968,,,,51.4195306319768,117000.0,,,,,9.439999334326004,1.6295292592016668,41.76470588235294,,,,71000.0,696078431.372549,,,,,,,7.471213852509449,0.2019445598036243,1700000.0,1187.0,,,,,,,0.0,0.0,90.02079002079002,1587.811,,,,3.5343035343035343,62.339,,,522656.0,859.3,,,,,,0.7976470588235294,71.27149158137037,19.12067772726776,21.06,40.83014935741577,,,,,,608229.0,,,,,,,,,,,,,3599.3648012057756,30.3,,,,
Ghana,GHA,1969,,,,51.4195306319768,117000.0,,,,,13.405371260249952,1.0346576892479762,45.92703648175912,,,,91900.0,900980392.1568629,,,,,,,7.471213852509449,0.1969905635726208,1700000.0,1187.0,,,,,,,0.0,0.0,85.24945770065075,1441.131,,,,3.036876355748373,51.338,,,535463.0,824.8,,,,,,0.6988235294117647,63.123680825046655,17.678557056567865,22.75,37.66308243727599,,,,,,649182.0,,,,,,,,,,,,,3511.067103676713,30.3,,,,
Ghana,GHA,1970,2.79582784574457,60694776.4965515,,51.4195306319768,117000.0,53.60386555021191,,73.75829293613954,,8.661017683078406,1.97500445137062,46.52501106684374,,,,105100.0,1030392156.862745,,52.0,35.0,13.0,0.99009900990099,0.3,7.471213852509449,0.191832559514641,1700000.0,1187.0,,,,,,,0.0,0.0,88.40782122905027,2321.211,,,,3.2122905027932953,84.341,,,857500.0,858.2,,,,,18.98602114898861,1.9664705882352944,77.74711432469917,20.853793912351595,24.03,33.88852326228927,,,2.74013406395681,,,999200.0,1.3077593723,,,,,,10308.77290679932,,,,,,3419.133266643308,30.3,,,34.25530981926496,
Ghana,GHA,1971,2.27002659638491,53859398.4643494,,51.4195306319768,117000.0,52.85450697769085,,73.25358056038922,,9.820976367459698,2.051361886856473,44.16,,,,110400.0,1071844660.1941748,,53.4600289196,33.8772980789,12.6626730014,1.065126512541254,0.3227333333,7.471213852509449,0.1866311086831989,1700000.0,1187.0,,,,,,4.712041884816754,0.0,0.0,87.8594249201278,2016.85,21.465968586387437,4.712041884816754,15.183246073298433,0.6389776357827476,14.668,54.45026178010471,0.7660930835291498,823100.0,860.7,69.65335714836371,,0.0,0.0,19.36452803731248,1.6970588235294115,73.13672189947006,16.375752393405428,24.95,34.93192797540623,,,2.22825810701143,,,956300.0,1.4068584714,,,,,,10071.26112701416,,,,,,3326.425054765252,30.3,,,33.50330355867659,
Ghana,GHA,1972,3.39203686650009,70733453.0324629,,51.4195306319768,117000.0,53.018200960525554,,73.33034202475811,,12.908514523443648,2.7701559508527818,46.6429840142096,,,,131300.0,987218045.112782,,54.7279042841,32.9023543034,12.3697414126,1.140154015511551,0.3454666667,7.471213852509449,0.181508510827303,1700000.0,1187.0,,,,,,5.472636815920399,0.0,0.0,90.92284417549168,2203.867,21.39303482587065,4.975124378109454,15.92039800995025,0.605143721633888,14.668,52.23880597014926,0.7647419238509959,723500.0,867.1,69.01322554092081,,0.0,0.0,19.290049031276855,2.6482352941176472,67.17751262023263,20.322964333984658,24.49,38.96957765313324,,,3.3486573541754,,,834400.0,1.5059575705,,,,,,10050.432314910886,,,,,,3235.122281216047,30.3,,,30.52002640358515,
Ghana,GHA,1973,4.89071312399019,119684704.970887,,51.4195306319768,117000.0,53.36526582915349,,73.69488211803713,,21.08294482046473,3.6971001045075655,48.98600399885747,,,,171500.0,1478448275.862069,,55.8392178164,32.0478001086,12.112982075,1.2151815181518153,0.3682,7.471213852509449,0.1763998390818409,1700000.0,1187.0,,,,,,4.807692307692308,0.0,0.0,90.07407407407408,2229.536,20.673076923076923,4.807692307692308,16.346153846153843,1.1851851851851851,29.336,52.88461538461539,0.7356240913267847,764100.0,863.7,68.13132207717794,,0.0,0.0,18.61448994345484,3.907058823529412,64.61467390985042,23.44187447604136,24.95,40.13413927299826,,,4.8543924895361,,,884700.0,1.6050566696,,,,,,10842.182886199951,,,,,,3144.067720105753,30.3,,,29.461684688511554,
Ghana,GHA,1974,4.27403557209538,122885159.398941,,51.4195306319768,117000.0,48.799284499929115,,71.77427514313953,,13.466237395131053,2.372135571066015,51.137339055793994,,,,238300.0,1480124223.6024845,,56.8212824011,31.292633015,11.8860845839,1.290209020792079,0.3909333333,7.471213852509449,0.1713886076379434,1700000.0,1187.0,,,,,,7.339449541284402,0.0,0.0,90.88639200998752,2669.576,19.724770642201833,4.587155963302752,16.513761467889907,0.2496878901373283,7.334,52.29357798165136,0.8313331169101332,890100.0,957.1,68.2795289597167,,0.0,0.0,23.173630388009578,5.722941176470588,74.22560492709464,17.29196152356018,28.1,36.46363918980319,,,4.24560314661578,,,930000.0,1.7041557687,,,,,,8845.60326583862,,,,,,3054.7498890762854,30.3,,,29.649912423439982,
Ghana,GHA,1975,5.35086429113729,149169573.137503,,51.85901379977147,118000.0,49.353492959817785,,72.76570105189408,,9.735812673246178,2.2693564125367423,47.662313079689575,,,,251800.0,1339361702.1276596,,57.6954069299,30.620467365,11.6841257051,1.3652365237623765,0.4136666667,7.910697020304122,0.1763003719546069,1800000.0,1187.0,,,,,,6.493506493506493,0.0,0.0,87.31642189586114,2398.218,20.346320346320347,4.329004329004329,15.584415584415584,0.5340453938584779,14.668,53.24675324675325,0.7505022324478231,671500.0,834.3,67.86269762764847,,0.0,0.0,22.494934596709587,13.61111111111111,77.774535042125,13.424449295432476,26.23,33.63328774026348,,,5.30832476809588,,,804900.0,1.8032548678,,,,,,9286.975383148188,,,,,,2967.7229279025505,30.3,,,24.53707900850703,
Ghana,GHA,1976,5.62367949219877,154365236.230778,,51.85901379977147,118000.0,49.15309418342713,,72.91721160876658,,9.231033601329411,2.4162362822357943,50.56696291756053,,,,330000.0,1398305084.7457628,,58.4784601283,30.0183318057,11.503208066,1.4402640264026405,0.4364,7.910697020304122,0.171281660701307,1800000.0,1187.0,,,,,,6.382978723404255,0.0,0.0,85.39156626506023,2079.189,19.574468085106385,4.255319148936168,15.74468085106383,1.2048192771084338,29.336,54.46808510638298,0.6648093015331453,688800.0,816.7,69.83063101632312,,0.0,0.0,22.425304767175255,11.38888888888889,70.2524328960498,14.371437617790969,23.18,36.066866973701,,,5.5823162351308,,,843400.0,1.9023539669,,,,,,9500.141130828864,,,,,,2883.241288472002,30.3,,,22.437791174169377,
Ghana,GHA,1977,7.24019963358774,230093544.355419,,51.85901379977147,118000.0,52.709216031270145,,73.93741542304288,,8.498728448241826,2.260667488835018,56.20352951715488,,,,627400.0,1792571428.5714283,,59.1839697982,29.4758240163,11.3402061856,1.5152915290429043,0.4591333333,7.910697020304122,0.1662741365384089,1800000.0,1187.0,,,,,,5.9760956175298805,0.0,0.0,89.62148962148962,2691.578,18.326693227091635,4.382470119521913,16.73306772908367,0.122100122100122,3.667,54.183266932270925,0.7725268334140601,639000.0,832.0,67.77327999790101,,0.0,0.0,20.017615675377986,17.333333333333332,75.53242588847007,9.082537082790791,20.4,37.03191142950179,,,7.21425607134252,,,768000.0,2.001453066,,,,,,10916.434861755371,,,,,,2798.9479650632175,30.3,,,21.811810554926833,
Ghana,GHA,1978,6.11919030645463,223601407.742665,,52.298496967566145,119000.0,49.358359013526176,,72.41637540265803,,6.3370224762798895,1.770489655940868,60.71190317354427,,,,1274100.0,2223560209.4240837,,59.822910902,28.9845047039,11.192584394,1.5903190320132012,0.4818666667,8.350180188098797,0.1702016351898151,1900000.0,1187.0,,,,,,5.533596837944665,0.0,0.0,91.35802469135804,2713.58,16.600790513833992,4.347826086956521,19.367588932806328,0.1234567901234567,3.667,54.15019762845851,0.7658736083059565,540000.0,837.2,69.76427934363636,,0.0,0.0,22.57127172601259,10.0,76.66505609765414,11.658838410630183,20.11,35.48970821081203,,,6.10519425505324,,,645000.0,2.1005521651,,,,,,9317.673030700682,,,,,,2714.2681822375785,30.3,,,22.54431586416502,
Ghana,GHA,1979,5.43915219841292,217899255.37887,,52.298496967566145,119000.0,49.62924813244427,,73.09092145677928,,4.640518950301641,1.2101708695516415,59.967401318120615,,,,1692400.0,2410826210.8262105,,60.4042806183,28.5374554102,11.0582639715,1.6653465346534655,0.5046,8.350180188098797,0.1649924993541412,1900000.0,1187.0,,,,,,5.882352941176471,0.0,0.0,94.75862068965516,2519.229,16.7420814479638,4.524886877828057,20.814479638009047,0.1379310344827586,3.667,52.03619909502262,0.6800408959455512,780000.0,844.2,70.96502972041478,,0.0,0.0,21.991003284715045,9.736842105263158,81.92358386205004,9.762716124860692,20.88,34.44686287498817,,,5.4200721875121,,,924000.0,2.1996512642,,,,,,10262.806932525633,,,,,,2631.196173910778,30.3,,,20.98721232794512,
Ghana,GHA,1980,5.43481860565965,240564014.422715,,52.298496967566145,119000.0,52.61151875341166,,74.59369238601029,,3.5746473475541025,1.263079822338019,57.92028376738541,,,,2482000.0,2574688796.680498,,60.9355246523,28.1289506953,10.9355246523,1.7403740372937293,0.5273333333,8.350180188098797,0.1601315303534372,1900000.0,1187.0,,,,,,5.936073059360731,0.0,0.0,93.98280802292264,2405.552,16.894977168949772,4.566210045662098,14.611872146118724,0.1432664756446991,3.667,57.534246575342465,0.6361578893474199,674000.0,717.8,70.86708110101813,,0.0,0.0,19.475916650232513,6.315789473684211,78.42299310280539,10.092930153256766,20.96,37.13615583044585,,,5.41173597273167,,,939000.0,2.2987503633,,,,,,12456.05565048218,,,,,,2553.6765103732364,30.3,,,20.17718199128121,
Ghana,GHA,1981,4.98283001008554,209753955.276068,,52.298496967566145,119000.0,49.52688347644,,73.14792860142796,,5.882175297256431,1.2195045905918098,53.084294880621265,,,,3855300.0,2241453488.372093,,61.4228578354,27.7542116107,10.8229305539,1.8154015402640264,0.5500666667,8.350180188098797,0.1555724410789849,1900000.0,1187.0,,,,,,4.797047970479705,0.0,0.0,93.26113116726836,2841.925,17.712177121771216,4.797047970479704,18.081180811808117,0.1203369434416365,3.667,54.61254612546126,0.7239049112495335,725000.0,860.0,69.31017206560685,,0.0,0.0,22.090222710914663,15.263157894736842,51.33155905807081,8.81584589603143,20.72,41.41989566842283,,,4.96759871189702,,,843000.0,2.3978494624,,,,,,10586.044226531976,,,,,,2480.9710340490756,30.3,,,18.665684378138845,
Ghana,GHA,1982,7.30858513389561,294206378.037013,,53.14230464973192,120920.0,49.730152618267155,,74.20712769356385,,2.4534318826798533,0.8613371469050526,57.341152791754865,,,,4957200.0,2314285714.2857146,,61.8715083799,27.4092178771,10.719273743,1.8904290429042905,0.5728,9.229146523688144,0.1668656340703391,2100000.0,1187.0,,,,,,5.194805194805195,0.0,0.0,95.06024096385542,2893.263,11.688311688311687,5.194805194805193,19.48051948051948,0.1204819277108433,3.667,58.44155844155844,0.7032900352475718,628000.0,764.0,69.14023560924414,,0.0,0.0,21.517545978547258,12.904761904761903,61.61771276182865,11.162767187502164,19.33,46.68267718786631,,,7.2895635881052,,,822000.0,2.4969485615,,,,,,12097.171185379026,,,,,,2407.6327201577496,30.3,,,16.683823198099354,
Ghana,GHA,1983,5.5512194376325,223221186.213222,,53.10714599630833,120840.0,46.78533079000074,,73.32943167646535,,3.493439745802348,2.364615460484063,59.73059911540008,,,,10992700.0,2423434744.2680774,,62.2859061905,27.0905630807,10.6235307288,1.9654565455445543,0.5955333333,9.229146523688144,0.1617358912968453,2100000.0,1187.0,,,,,,4.0,0.0,0.0,95.88766298896692,3505.652,10.0,4.666666666666665,14.666666666666666,0.1003009027081243,3.667,66.66666666666666,0.9957674424812046,432000.0,517.4,83.65293137292018,,0.0,0.0,23.914005738631968,10.19047619047619,63.238516569308814,14.663707397259218,19.42,53.30417094201725,,,5.501751393654,,,835000.0,2.5960476606,,,,,,10794.66010910034,,,,,,2333.6178601401975,30.3,,,15.314609813397045,
Ghana,GHA,1984,4.65315716366952,203086938.171892,,53.950953678474114,122760.0,46.833512367422344,,72.72330791862089,,2.8780773046095933,2.008955777599141,49.242869445337654,,,,13323200.0,2172733202.870189,,62.6698296312,26.7953418158,10.5348285529,2.040484048514851,0.6182666667,10.108112859277488,0.1723816556838316,2300000.0,1187.0,,,,,,4.972375690607735,0.0,0.0,95.3125,2460.557,17.67955801104972,4.972375690607735,17.127071823204425,0.1420454545454545,3.667,54.696132596685075,0.6578756845205407,1072000.0,840.1,80.99769195307861,,0.0,0.0,24.26812404655253,3.652173913043478,89.59822403228594,7.717260803940647,24.68,63.76426246540136,,,4.60276649210359,,,1276000.0,2.6951467597,,,,,,10739.585168914791,,,,,,2270.940942269608,30.3,,,16.02714602659121,
Ghana,GHA,1985,3.54102368404054,156689205.656005,,54.35527819284521,123680.0,44.69609416621975,,71.56217318908175,,,,44.892551479676314,,,,15400300.0,2022098214.285714,,63.0265210608,26.5210608424,10.4524180967,2.1155115511551155,0.641,10.547596027072164,0.1758055906617344,2400000.0,1187.0,,,,,,5.2631578947368425,0.0,0.0,94.48732083792724,3142.619,8.61244019138756,5.263157894736843,20.095693779904305,0.1102535832414553,3.667,60.76555023923446,0.7642039051045666,921000.0,890.7,75.71892934172847,,0.0,0.0,25.83083272852575,5.208333333333333,,,24.6,45.76352934648529,,,3.47862574506399,,,1034000.0,2.7942458588,,,,,,9861.18599899292,,,,,,2219.5455821043975,30.3,,,16.245836286323915,
Ghana,GHA,1986,4.31383320280334,241629782.452593,,54.32011953942164,123600.0,44.51029058030449,,71.60024426281312,,,,47.77538996427405,,,,24432000.0,2740242261.103634,,63.358778626,26.2655685014,10.3756528726,2.1905390537953795,0.6637333333,10.547596027072164,0.1717760252487853,2400000.0,1187.0,,,,,,4.4843049327354265,0.0,0.0,96.26955475330928,2933.6,11.210762331838566,5.3811659192825125,17.937219730941703,0.1203369434416365,3.667,60.986547085201806,0.673327071320001,866700.0,984.8,75.50715347743918,,0.0,0.0,25.74627755876715,3.1666666666666665,,,26.43,39.53315147102517,,,4.21868969341933,,,880100.0,2.8933449579,,,,,,10226.497599334722,,,,,,2168.6723187659154,30.3,,,16.50512234615032,
Ghana,GHA,1987,4.73496280722153,233753840.071557,,54.724444053792745,124520.0,45.109225014066,,72.14880108340637,,,,50.60053619302949,,,,37748000.0,2567891156.462585,,63.6690298145,26.0269981548,10.3039720307,2.2655665567656764,0.6864666667,10.987079194866835,0.1746933607438862,2500000.0,1187.0,,,,,,2.586206896551724,0.0,0.0,95.64732142857144,3142.619,12.06896551724138,5.1724137931034475,20.258620689655174,0.2232142857142857,7.334,59.48275862068966,0.6698720556019381,1057400.0,938.6,72.29923759369524,,0.0,0.0,25.218897674921735,4.3544,,,26.85,38.906618635029375,,,4.60614135261648,,,1126600.0,2.992444057,,,,,,10615.891102294916,,,,,,2117.2835322159017,30.3,,,16.723726867311296,
Ghana,GHA,1988,4.96423723018425,251521427.945035,,55.12876856816384,125440.0,42.43671287681719,,71.43502378678778,,,,49.61301222607392,,,,52153000.0,2578767800.6329117,,63.9593908629,25.8037225042,10.2368866328,2.3405940594059405,0.7092,11.42656236266151,0.1772121891723761,2600000.0,1187.0,,,,,,3.3472803347280333,0.0,0.0,92.87991498405952,3204.958,11.715481171548117,5.020920502092049,19.24686192468619,0.2125398512221041,7.334,60.66945606694561,0.7189494971214075,1146000.0,1095.8,76.62189597063735,,0.0,0.0,26.936855003286087,4.867307692307692,,,27.93,,,,4.83895965564789,,,1045800.0,3.0915431561,,,,,,10058.3215612793,,,,,,2065.2035892011527,30.3,,,17.09871775059854,
Ghana,GHA,1989,4.96360170864288,254826392.643176,,55.09360991474026,125360.0,44.397908472167984,,72.51122599704578,,,,48.96748126958949,,,,69397400.0,2571702797.850658,,64.2317150924,25.5943164223,10.1739684853,2.4156215620462045,0.7319333333,11.42656236266151,0.1727293907761309,2600000.0,1187.0,,,,,,3.0303030303030303,0.0,0.0,91.33771929824562,3054.611,11.363636363636363,4.924242424242423,18.560606060606062,0.219298245614035,7.334,62.12121212121211,0.6462433178640663,1183700.0,1012.9,73.73970819665034,,0.0,0.0,25.47838665668571,3.2615384615384615,,,30.29,,,,4.85220546506562,,,1168600.0,3.1906422552,,,,,,10835.02982666016,,,,,,2012.9617463526029,30.3,,,17.410252896863753,
Ghana,GHA,1990,6.19284358068834,357746051.569863,,55.49793442911136,126280.0,60.068259385665534,3478.44,90.22346368715084,3169.0214,,,44.8476174659294,,,,86142900.0,2641123988.2266374,,64.4876325088,25.3975265018,10.1148409894,2.490649065016502,0.7546666667,11.866045530456184,0.1747914252764714,2700000.0,1187.0,0.1911471795392832,0.0586903030763615,0.1034332921072053,2516.9,0.16293797714013,2.755905511811024,0.0,0.0,125.78204301075267,3509.319,11.811023622047244,4.724409448818898,17.322834645669293,0.2628673835125448,7.334,63.779527559055126,0.527307238491992,843800.0,989.2,57.415593514536766,,0.0,0.0,29.01023890784983,4.814814814814815,,,24.93,,43.61545222817966,99242.6,6.07463799548996,,0.0,853000.0,3.2897413543,,4969.69,857.5,3447.5614,180.2,237.6724548339807,596.1999999999999,,,100.0,80.6,1961.5482169915133,30.3,0.0,11517.41337,17.44788936400015,
Ghana,GHA,1991,4.72856002865777,306168351.155555,,55.902258943482465,127200.0,58.879999999999995,3632.38,89.67391304347827,3244.4154,,,45.51047587896993,,,,110478000.0,3005141038.5441885,,64.7285824543,25.212245948,10.0591715976,2.5656765676567654,0.7774,12.305528698250855,0.1767289503669997,2800000.0,1187.0,0.1628240543994777,0.0499939006364643,0.0852249747351977,2257.2,0.1424687809887113,3.508771929824562,0.0,0.0,152.12320312499995,3894.354,12.719298245614036,4.8245614035087705,13.157894736842104,0.2864843749999999,7.334,65.78947368421053,0.4675717101581416,1436200.0,1220.8,57.60311782660981,,0.0,0.0,30.4,2.857142857142857,,,35.83,,43.14272215874132,98166.95,4.64134324348933,,,1176400.0,3.3888404534,-10.2214336910326,5194.88,887.0,3527.2354,181.5,237.7499389648401,,,,100.0,82.9,1912.4597129000329,30.3,,11566.91355,17.83228270408258,
Ghana,GHA,1992,6.03848829431063,380889878.138793,,55.902258943482465,127200.0,56.4945226917058,3562.7125,88.8586956521739,3207.3442,8.444341609063214,1.1273927201998175,44.77905721803505,,,,125510100.0,2873070848.1172028,,64.9558406932,25.037493751,10.0066655557,2.6407040702970295,0.8001333333,12.305528698250855,0.1723973601531085,2800000.0,1187.0,0.1845476952923137,0.0566639811000924,0.0944432856561152,2657.6,0.1636297229796076,2.9850746268656714,0.0,0.0,105.12860389610388,3237.961,12.686567164179104,5.223880597014925,12.313432835820894,0.2381168831168831,7.334,66.7910447761194,0.5431461742141354,1254200.0,1042.1,57.44388003876089,,0.0,0.0,32.863849765258216,3.607142857142857,29.281008475596053,11.189091910096122,35.34,,42.66999208930298,97091.3,5.93850516868046,,,1203500.0,3.4879395525,1.58592354051625,5166.1125,917.9,3504.3442,192.7,297.7108764648401,,,,100.0,81.0,1865.5857187997103,30.3,,11984.99103,17.99776702967279,
Ghana,GHA,1993,7.07957850526929,414434598.65954,,56.2538454777182,128000.0,53.94932935916542,3578.275,87.96791443850267,3228.234,,,36.93086438883294,,,,143000000.0,2204374836.213408,,65.1705420076,24.8723973102,9.9570606822,2.715731573267327,0.8228666667,12.305528698250855,0.1682325006805906,2800000.0,1187.0,0.1785874755740831,0.0548339404868446,0.0892769569514867,2696.5,0.1620139064590045,2.941176470588235,0.0,0.0,119.55109717868338,3813.68,12.867647058823527,5.51470588235294,12.132352941176467,0.2299059561128526,7.334,66.17647058823529,0.5368790463681732,1644700.0,1340.2,56.63202141861285,,0.0,0.0,35.46944858420268,2.702857142857143,,,38.08,35.57146043749035,42.19726201986463,96015.65,6.9463096131309,,,1227200.0,3.5870386516,2.03527695615744,5237.725,947.7,3536.194,197.7,316.0887966156006,,,,99.6515127514652,81.3,1820.5159895078195,30.3,,12131.68951,18.34931923053071,
Ghana,GHA,1994,9.77592199420396,521402174.094611,,56.69332864551288,129000.0,52.06847360912982,3606.88,87.0026525198939,3226.7142,,,37.790585975024015,,,,196700000.0,2058220324.7949104,,65.3736991485,24.7161778619,9.9101229896,2.790759075907591,0.8456,12.305528698250855,0.1643110139902613,2800000.0,1187.0,0.1868655372596585,0.0573756570341787,0.0914623081947846,2914.6,0.1710360290628627,3.741496598639456,0.0,0.0,131.10054913294798,4536.079,13.945578231292515,5.78231292517007,12.925170068027212,0.2119653179190751,7.334,63.94557823129251,0.5596288593162597,1593915.0,1327.5,56.2409373686348,,0.0,0.0,36.66191155492154,2.75,,,37.07,,41.7245319504263,94940.0,9.57657019086354,,,1200700.0,3.6861377507,5.76222251385539,5413.88,1013.5,3544.1542,204.2,229.27972602844056,,,,99.5417348608838,80.6,1778.0799013946132,30.3,,12408.24089,18.445259621691296,
Ghana,GHA,1995,11.6179003246246,735646514.417643,,57.572294981102225,131000.0,50.2724795640327,3643.91,86.3517060367454,3234.5814,,,38.778590502728434,,,,300600000.0,2506796537.5185547,,65.56621881,24.5681381958,9.8656429942,2.8657865785478545,0.8683333333,13.184495033840204,0.1720294555715007,3000000.0,1187.0,0.1960989785259545,0.0602107156924485,0.0940105555075103,3184.4,0.1826035327739623,2.8037383177570097,0.0,0.0,124.53962264150944,4620.42,14.018691588785048,6.230529595015577,13.084112149532707,0.1976819407008086,7.334,63.862928348909655,0.5733019907641204,1796920.0,1354.1,55.20887354039786,,0.0,0.0,37.87465940054496,3.2333333333333334,,,42.36,,41.25180188098796,93864.35,11.3786675282422,,,1327000.0,3.7852368498,13.3568126066284,5552.96,1040.8,3563.3014,212.5,145.4671745300293,,,,99.6893394375409,79.8,1737.497501272158,30.3,,12775.60428,18.70104222886781,
Ghana,GHA,1996,10.9914501176674,746461108.160249,,58.45126131669157,133000.0,50.90909090909091,3923.56,86.88118811881188,3496.8512,10.364961303516903,1.0345857222749992,38.95508303421027,,,,441700000.0,2700752688.8295107,,65.7489151579,24.427652252,9.8234325902,2.940814081518152,0.8910666667,14.06346136942955,0.1793318878435957,3200000.0,1187.0,0.2050674320238153,0.0629644118504791,0.0965425967208989,3483.3,0.195208364039249,2.2792022792022792,0.0,0.0,118.70679706601469,4855.108,13.96011396011396,6.267806267806267,13.675213675213676,0.1793154034229828,7.334,63.53276353276354,0.6109210882640566,1770069.0,1389.2,54.640274278175816,,0.0,0.0,37.4025974025974,5.4375,40.89778199989726,7.906864762498583,46.17,,40.77907181154961,92788.7,10.7637022925204,-19.0227,,1274130.0,3.8843359489,14.6234819652934,5886.16,1070.6,3837.0512,221.0,198.14481568336123,,,,99.9698204315678,78.8,1698.0488130190467,30.3,,13710.03035,19.062681383547694,
Ghana,GHA,1997,10.6042271918338,716581636.278775,,59.69365825788873,135826.95,47.961630695443645,3999.53,86.61800486618006,3554.3652,7.8502284253304575,1.1332914133239285,35.781597630620546,,,,505000000.0,2465868473.993633,,65.9225213395,24.2941562705,9.78332239,3.015841584158416,0.9138,15.821394040608244,0.1970654760992422,3600000.0,1187.0,0.203662164292848,0.0625329349684623,0.0942556289957543,3604.6,0.1973172819853689,0.8333333333333334,0.0,0.0,128.4732167832168,5511.501,14.166666666666666,6.11111111111111,14.166666666666666,0.1709557109557109,7.334,64.72222222222223,0.6131749426702868,1669220.67,1321.7,53.49492565575416,,0.0,0.0,35.851318944844124,5.921111111111111,37.418878350864496,5.846445843644204,44.85,,40.30634174211128,91713.05,10.3983391039645,,,1262930.0,3.983435048,17.6908458595383,6451.73,1096.7,3903.9452,227.4,307.22227668762025,,,,99.4917223351728,78.3,1658.6344238352883,30.3,,14557.37062,19.36848136079421,
Ghana,GHA,1998,10.4072478123036,762760471.307784,,57.06781532917289,129852.107,50.27624309392266,4546.5725,89.587852494577,4115.8866,9.456353806512366,2.9530569147747197,36.014107308048104,,,,622900000.0,2694600417.016343,,66.0876993166,24.1671412301,9.7451594533,3.090869086798679,0.9365333333,16.033473235475082,0.1949406050043634,3648256.5,1187.0,0.293494574483614,0.0901153005198858,0.1343208265995138,5438.7,0.2906109996479774,22.52747252747253,0.0,0.0,91.61488524590165,5588.508,10.622710622710622,5.311355311355311,10.439560439560438,0.0,0.0,50.91575091575091,0.8248914929616471,1787521.22,1333.8,51.944039361117476,,0.0,0.0,34.033149171270715,4.161988061968779,56.60157359254292,10.230469373777945,48.68,,39.83361167267294,90637.4,10.1960118505064,,,1340140.0,4.0825341471,14.0928638488174,7102.2225,1128.9,4489.1266,245.1,104.10565185546876,,,,77.5303643724696,73.6,1619.0474358456463,30.3,,17303.72079,19.786627909292072,
Ghana,GHA,1999,6.40168259712389,483676079.061968,,57.39452579766195,130595.504,45.79008073817762,3971.215,85.43689320388349,3512.079,10.051822864109733,2.676800128570662,35.7763437934285,,,,736270000.0,2761257561.6085925,,66.2450483008,24.0461463618,9.7088053374,3.165896589768977,0.9592666667,16.245552430341917,0.1927597271097129,3696513.0,1187.0,0.3007775253991018,0.0923514757935702,0.1357331866199231,5818.9,0.3034345005898015,20.136518771331065,0.0,0.0,85.37756838905776,5617.844,11.262798634812286,5.460750853242321,10.068259385665527,0.0,0.0,52.73037542662116,0.8567459564650662,1685991.8,1297.0,51.1112242444002,,0.0,0.0,37.48558246828143,4.167711570336693,51.03031930438503,11.730798272847473,51.59,,39.36088160323459,89561.75,6.26575781484371,,,1299931.0,4.1816332461,9.21900079750451,6575.515,1154.8,3905.259,256.1,41.33557128905886,,,,83.5866752910737,72.8,1580.034949538742,30.3,,16601.92196,20.167690053203067,
Ghana,GHA,2000,10.0306973502773,485090653.832283,,56.10231212094576,127655.201,47.406639004149376,4574.24,87.1578947368421,4133.6474,6.488886515432285,2.3823018787337635,35.27152195930393,,,,957710000.0,1757527265.5201964,,66.3951120163,23.9307535642,9.6741344196,3.2409240924092404,0.982,16.457632064691925,0.1904232904911351,3744769.6,1187.0,0.2467101742547328,0.0757505024867841,0.1088679065263203,4949.5,0.2516843963606929,11.44578313253012,0.0,0.0,92.63327526132404,5317.15,13.654618473895583,10.642570281124495,5.421686746987952,0.0,0.0,58.83534136546184,0.9145419499117802,1710622.41,1309.2,52.77147636068386,,0.0,0.0,34.95850622406639,3.174027048286228,30.14557454924565,12.759219094800272,52.11,,38.888151533796254,88486.1,9.73486409255911,,1.9,1306632.0,4.2807323452,21.4921158097699,7127.54,859.3,4484.8474,217.1,-89.28009033203125,146.1,,,91.4993769901703,71.6,1540.7692109766635,30.3,0.0,16827.71163,20.429737232411146,
Ghana,GHA,2001,9.58818747913666,499240404.066638,,56.68467434297266,128980.308,41.340206185567006,4008.845,84.04761904761905,3520.7806,5.25249389426704,1.9127243791866824,35.2418001245052,,,,1341680000.0,1873056868.233504,,67.1993063297,23.3865972996,9.4140963706,3.330445544554456,1.009125,16.66971125955876,0.1878146932865547,3793026.1,1187.0,0.2609458496343229,0.0801214594872411,0.1126140846451385,5444.5,0.269588732225873,17.7007299270073,0.0,0.0,96.1923188405797,5973.543,11.861313868613138,9.306569343065693,7.664233576642335,0.0,0.0,53.46715328467153,0.983117295550389,1626674.06,1186.1,49.38750684303464,,0.0,0.0,40.618556701030926,8.180012259868183,33.268599046847754,18.199216331330874,54.25,,38.490120418387974,87580.42,9.39320531098542,,,1371450.0,4.3989755885,23.0181003240493,6567.495,802.9,3865.9606,208.1,39.28607177734011,,,,84.0946685328922,69.3,1500.328512525292,30.3,,16155.83018,20.675815252235456,
Ghana,GHA,2002,10.0684028088312,607818385.045604,,57.35466071899447,130504.795,39.75903614457831,3960.315,82.9326923076923,3443.4794,,1.8263552107017504,35.148377061929516,,,,1717420000.0,2167318469.94701,,67.9613992762,22.8709288299,9.1676718938,3.419966996699669,1.03625,16.881790454425598,0.1850478020241131,3841282.6,1187.0,0.305902060971196,0.0939249258783515,0.1299953175299288,6669.7,0.3213024017447264,29.596412556053806,0.0,0.0,87.276576819407,6475.922,12.406576980568012,2.5411061285500747,4.783258594917788,0.0,0.0,50.672645739910315,1.1818147067443077,2155213.75,1349.0,46.86481441367975,,0.0,0.0,40.86345381526104,4.076763318585308,,19.5641722154173,60.07,,38.0920893029797,86674.74,9.85705227600459,,,1597603.0,4.5172188317,16.635918997769,6654.865,766.8,3799.9994,210.5,-78.83386230469114,,,,69.2424034098721,65.7,1459.6552727806663,30.3,,17414.48934,21.0406597514007,
Ghana,GHA,2003,14.2031675001723,1060612193.19826,,55.33589346928013,125911.292,40.359168241965975,4272.115,83.92070484581498,3800.8112,6.3776460903250936,1.652239667084192,36.54540590135389,,,,2417760000.0,2789409804.7450056,,68.6846126719,22.3815681204,8.9338192077,3.5094884488448845,1.063375,17.093869649292433,0.1823547925189481,3889539.1,1187.0,0.2781948636261486,0.085417639432918,0.1159320773751999,6381.0,0.2991629345141197,27.613104524180965,0.0,0.0,93.75793828892004,6684.941,12.792511700468015,2.652106084243371,7.800312012480499,0.0,0.0,49.141965678627145,1.2002025362821396,2040844.47,1396.4,46.822762573341976,,0.0,0.0,39.69754253308129,7.35845540156673,40.17378175954155,16.102347932762733,62.42,32.488755282387636,37.694058187571414,85769.06,13.8961700461814,,,1461534.0,4.635462075,15.3365670963769,7108.665,722.8,4145.8112,196.0,284.72436523437136,,,,66.0659639578375,64.5,1420.566825854541,30.3,,17917.31924,21.570151307971056,13.9
Ghana,GHA,2004,11.0777791557585,961904488.10428,,52.16477937944977,118695.739,36.892278360343184,3873.0675,81.86274509803921,3329.6434,3.3680553055400977,1.3100065087456263,37.95242609300957,,,,3031940000.0,3370713567.0570707,,69.3718477762,21.9165520403,8.7116001834,3.5990099009900987,1.0905,17.305949283642438,0.1797551304995005,3937795.7,1187.0,0.2446077085138232,0.0751049562022976,0.0992659617799596,5924.8,0.2704592310828723,11.14864864864865,0.0,0.0,96.71574018126888,6402.582,15.202702702702704,3.209459459459459,8.783783783783784,0.0,0.0,61.6554054054054,1.1150076492556482,1830250.66,1373.3,44.39504013606462,,0.0,0.0,40.991420400381315,13.40902474955722,52.01391067246863,20.78035321301006,64.59,,37.29602707216314,84863.38,10.8305885965699,,,1332720.0,4.7537053182,10.869153736662,6888.8675,703.3,3675.6434,197.0,208.07913208007992,,,,87.4482530220235,62.4,1383.1546553151209,30.3,,16763.07205,22.21149984890968,
Ghana,GHA,2005,9.4795049446799,1006110336.15298,0.0907622241286323,53.26351234947702,121195.796,41.161178509532064,4748.0475,84.81262327416174,4288.22,5.178002879562336,1.0995882456301835,37.45301293018359,,,,3642710000.0,4024164585.195242,,70.0257241919,21.4741080416,8.5001677665,3.6885313531353137,1.117625,17.518028478509272,0.1771818856697514,3986052.2,1187.0,0.2468195987651825,0.0757841004592876,0.0971184786399435,6331.1,0.281420357807598,18.593749999999996,0.0,0.0,86.81700854700854,6094.554,14.687499999999998,3.125000000000001,7.343749999999999,0.0,0.0,56.25,1.1928224711441462,1948025.7,1432.3,42.56053446602758,,0.0,0.0,37.954939341421145,6.019740534255924,37.133335660173294,13.89677904610987,66.33,,36.897995956754855,83957.7,9.36380408433484,,7.8,1360035.0,4.8719485615,25.8762454698715,7811.5475,654.5,4638.74,189.6,102.90356445312136,6.8999999999999995,,,82.9257513258692,61.4,1346.8491796955063,30.3,0.0,19047.06675,22.95109567581312,
Ghana,GHA,2006,5.03919530410403,1023609897.37298,0.1494545866587221,52.93043992265096,120437.923,39.02439024390244,4480.925,83.87096774193549,4154.0604,2.7609004169533877,1.2073809670508988,28.333095987362235,,7360420888.750464,19466398700.0,5415033800.0,5917377749.268664,1401.5995449864336,70.6486132343,21.0526315789,8.2987551867,3.7780528052805273,1.14475,17.73010767337611,0.1746560893381092,4034308.7,1187.0,0.2857394957266216,0.0877341619452755,0.109069149878954,7798.5,0.3376180689155604,31.354838709677423,0.0,0.0,100.35313167259788,8459.769,13.161290322580646,2.7096774193548394,5.677419354838709,0.0,0.0,47.096774193548384,1.3445190513405318,1919026.8,1334.5,38.1100974497201,,0.0,0.0,39.198606271777,20.883627472533274,41.94222519525456,13.44817868213411,68.26,,36.499964841346575,83052.02,5.0076574272652,,,1438036.0,4.9901918047,39.6768592455002,7622.575,642.9,4502.0804,187.1,133.1040649414099,,,,66.6548042704626,58.6,1311.7686078273364,30.3,,20233.34212,23.841311953734618,
Ghana,GHA,2007,6.28539640501876,1551693219.01965,0.0881957805214327,54.81344818493452,124722.52,36.915077989601386,4263.62,82.4524312896406,3893.3998,5.806078646469931,1.0790932758822342,27.29411448466304,-1.7176566921954617,7233994126.781089,19132032800.0,6319801600.0,6776402367.955189,1422.9815782880407,71.2426666667,20.6506666667,8.1066666667,3.8675742574257423,1.171875,17.942186868242946,0.172199683486641,4082565.2,1187.0,0.2956069898540306,0.0907639017632404,0.1098592827847781,8418.5,0.3550863156900193,31.466030989272937,0.0,0.0,98.66458563535912,8929.145,12.395709177592371,2.860548271752086,7.628128724672228,0.0,0.0,45.76877234803337,1.4432868026173726,1672835.0,1317.0,36.78225187826634,,0.0,0.0,40.81455805892548,18.705886191358314,36.72262727746913,14.399109857617775,66.65,,36.101933725938295,82146.34,6.24981033258966,,,1270218.0,5.108435048,110.431409563997,7453.944212,621.7,4250.136425,187.7,457.1780395507813,,,,53.4107194038406,54.5,1278.0323531992146,30.3,,20477.27483,24.30181596928404,
Ghana,GHA,2008,6.60259453278332,1885836288.06526,,52.758902610530015,120047.607,36.47058823529411,4339.34,82.00836820083683,3918.4318,4.931658222558307,1.0478855127912232,29.408096757841435,7.404239867286861,7769616403.913404,20548614400.0,8874951300.0,8434060773.086883,1593.872920847226,71.8098415346,20.2668890742,7.9232693912,3.957095709570957,1.199,18.154266063109784,0.1698103644864873,4130821.7,1187.0,0.2562987031867409,0.0786945881407414,0.0934502492658831,7966.9,0.3275043783243889,24.74226804123712,0.0,0.0,96.25875,8239.749,12.757731958762886,3.47938144329897,10.953608247422682,0.0,0.0,48.06701030927835,1.3650570900044652,2296821.04,1598.1,35.79364674363717,,0.0,0.0,41.344537815126046,15.849873162039406,34.915084238280045,14.75655130041928,74.63,,35.70390261053002,81240.66,6.57573796480232,,11.2,1437191.0,5.2266782912,183.890156371455,7639.538424,661.7,4286.985051,191.4,882.1220092773401,0.0,,,74.4233541566554,57.3,1245.5764052804711,30.3,0.0,20292.62514,25.9252990143156,8.3
Ghana,GHA,2009,7.63607077311959,1981852465.71258,0.2436950941245088,54.10242287070406,123104.653,,4216.1875,,3745.4726,2.3789614726905626,1.3419571539528323,30.99338420954034,7.225542662380207,8331013351.881458,22033363300.0,11342832300.0,8073379872.979222,1791.3687494385051,72.3519217046,19.9000917525,7.747986543,4.0466171617161715,1.226125,18.36634569745979,0.1674930128386459,4179078.3,1187.0,0.2859837358347181,0.0878091540325359,0.1036346470677476,9320.3,0.3735477096851791,18.7027027027027,0.1105628140703517,11.001,68.36467336683417,6802.285,14.270270270270272,3.4594594594594583,9.08108108108108,0.0,0.0,54.48648648648648,1.4650743933855794,2607164.16,1659.8,32.65362225287508,0.9744382369738912,0.0,0.0,,20.891209432472227,25.586840646877167,16.336731038405006,81.98,,35.305871495121735,80334.98,7.60843149004494,,,1570744.0,5.3449215344,152.841740780747,7577.460137,652.9,4141.042476,210.3,591.1055297851599,,,,76.7693681625363,51.9,1214.391768876638,30.3,,21482.51174,26.57992853506939,
Ghana,GHA,2010,5.87184066749086,1859208223.65828,0.2419269383871763,54.49783774281445,124004.38,,4431.7075,,3980.2668,2.5833623012545868,1.099226088074916,28.03873796364906,5.276573458941698,8770605391.267725,23195969900.0,12909623800.0,9027816274.73893,1995.4411132361256,72.8705366048,19.5491721524,7.5802912428,4.136138613861386,1.25325,18.578424892326623,0.1652934994124471,4227334.8,1187.0,0.2952550136470558,0.0906558301175441,0.1057096923979767,10382.6,0.405971224942882,29.665071770334933,7.2682242152466365,810.407,72.616466367713,8096.736,12.057416267942584,2.392344497607655,6.6028708133971294,0.0,0.0,49.186602870813395,1.5053462066760686,2906709.36,1814.3,29.79392012943547,,0.0,0.0,,20.437226784119396,21.62559775640542,15.331919702909367,83.94,,34.907840379713456,79429.3,5.77442765220724,,13.0,1602099.0,5.4631647777,160.760001615199,7884.654349,674.7,4386.153302,212.5,331.76922607420056,0.0,,,68.8108586603718,51.9,1184.7637504834363,30.3,0.0,23141.62425,28.058931474724957,
Ghana,GHA,2011,5.67858355540641,2164352548.32365,0.2437469621511424,54.0909101696405,123078.457,,4923.48,,4365.5212,3.646262499172855,0.9964502120949812,23.663704967183964,0.846113789792426,8844814692.931519,23392234200.0,14154757700.0,9308513078.503906,1908.6425247624325,73.1956754651,19.4019674686,7.4023570663,4.23556105610561,1.283375,18.79050408719346,0.1631535116407382,4275591.3,1187.0,0.269373716505516,0.0827091725895204,0.0944939385176488,10803.1,0.4122385836097242,24.214417744916823,12.974152334152333,1584.144,71.17764127764129,8690.79,13.308687615526802,2.865064695009242,6.7467652495378925,0.0,0.0,52.772643253234754,1.5442984085378837,2618992.0,1594.2,28.734726338559536,,0.0,0.0,,14.60569909944386,20.203417164721728,15.400082795810416,87.25,,34.852913773402484,79304.32,5.50203428673419,,,1642866.0,5.5944856146,163.367601631351,8925.802131,1147.1,4790.764366,226.2,342.7451171875,,,,67.5089285714286,50.1,1156.226368669608,30.3,,25097.01492,31.249250321765473,
Ghana,GHA,2012,6.55568606658012,2568187135.51518,0.242908323872324,54.277658433682,123503.384,,4602.7675,,4217.2364,1.659978649253821,1.0972504515352703,22.131154690157228,2.3019498496642115,9048417891.458534,23930711700.0,16668160000.0,9133904005.058998,1834.9305388284788,73.3941467123,19.3842645382,7.2215887495,4.341584158415841,1.3155,19.002583282060296,0.1609846276607983,4323847.8,1187.0,0.293773856100807,0.0902010518388235,0.097624983646176,12876.5,0.4794152463170119,24.353954581049333,5.647489451476793,803.073,82.72669479606189,11763.736,12.920908379013312,2.9757243539545812,6.421299921691465,0.0,0.0,53.328112764291305,1.6618070691075677,2890743.0,1768.1,26.612823494352543,,0.0,0.0,,37.78139461800668,16.676683799023344,13.867723380365009,92.17,,34.7979871670915,79179.34,6.22274709142471,,,1634973.0,5.7345248474,165.975201647503,8682.964914,1148.0,4679.436231,257.5,1645.906738281199,,,,67.1240851630073,46.5,1128.12347791756,30.3,,26905.38139,33.319144033002715,
Ghana,GHA,2013,4.54813835701046,2777666372.8504,0.2246636366121522,54.77312164894085,124630.761,,4966.565,,4561.784,2.4981303997446593,0.8354288427108423,20.369842540671268,5.95542296387282,9587289448.433632,25355886800.0,25355886800.0,12797278017.513311,1838.9924493211531,74.133258574,18.7646014391,7.1021399869,4.41460396039604,1.337625,19.21466247692713,0.1588377647176916,4372104.3,1187.0,0.2955087363899085,0.0907337337764486,0.0973319252901545,13899.7,0.5049736069303057,26.73992673992674,4.006582278481012,601.388,78.86126582278482,11837.076,12.454212454212453,2.637362637362638,5.347985347985348,0.0,0.0,52.820512820512825,1.6766045418222917,2745913.0,1688.8,26.171405950750938,,0.0233082122601196,3000000.0,,27.1535150705348,18.39964381241369,16.821483067386687,94.83,34.58318110247368,34.74306056078052,79054.36,4.42141324102118,,,1625970.0,5.8309721011,,9303.337696,1327.6,5043.540495,271.4,1602.882690429702,,,,63.9888120581151,46.2,1100.7935631695836,30.3,,29002.19025,35.1641986637184,
Ghana,GHA,2014,5.97856440292992,3104077791.80368,0.2909172060298603,54.38452491869562,123746.548,,4920.3875,,4431.6474,2.159785168653031,0.6233089245774324,19.583773132466884,0.9004670268523114,9673619828.685669,25584208200.0,31076313500.0,10728641067.467611,2088.139869187802,74.7823211727,18.237260737,6.9804180903,4.491584158415842,1.36095,19.42674211127714,0.1567706332853342,4420360.9,1187.0,0.2762857296807129,0.0848314542213911,0.0863988927419382,13366.7,0.4740576779454992,24.332570556826848,8.905935977731385,1279.783,81.71004871259568,11741.734,12.585812356979408,1.754385964912281,5.949656750572082,0.0,0.0,55.37757437070938,1.5906890340200452,2780040.0,1703.4,26.875504838982312,,0.0308570546941294,4000000.0,,16.69546936767086,26.95184079832548,20.70857090260876,99.06,34.58318110284747,34.68813395446955,78929.38,5.66614902136025,,,1632045.0,5.9326503923,,9420.435479,1413.9,4915.16056,267.5,1520.0139160155995,,,,64.7303864846101,47.7,1074.6068694403723,30.3,,28547.03992,35.54868802156044,7.4
Ghana,GHA,2015,7.04140238673441,3374316753.89214,,54.56409642260701,124155.145,,5159.0,,4670.3752,1.6654149869468209,0.7236385830278669,19.982650598575763,2.0572499093405554,9872630363.841251,26110539300.0,36673287400.0,9872630363.841251,2463.6634233463496,72.5681711535,20.8276125758,6.6042162707,4.747442244224422,1.438475,19.638821306143974,0.1547790807912413,4468617.4,1187.0,0.2898574481985187,0.0889985482637774,0.0961301956891266,14320.7,0.4960247396179251,,16.141586252478522,2442.222,80.63522141440846,12200.109,,,,0.0,0.0,,,2753193.99,1830.3,,,0.0261073883909146,3000000.0,,24.974167625091376,34.76185058120089,15.16311370910624,99.74,34.58318110294534,34.633207348158564,78804.4,6.82969261160183,,,1504191.0,6.2705972101,,9825.823261,1503.7,5171.045024,279.0,2085.180053710901,,38.3,5.1,50.8920024366896,44.0,1049.4982515116671,30.3,,30251.44399,34.34610268114937,
Ghana,GHA,2016,6.63978221542018,3582931466.99405,,54.31107585479475,123579.422,,5247.125,,4695.884,4.983552682670797,1.1052786623968087,20.844292919241855,2.7330343192107023,10142452739.89385,26824149300.0,45772940700.0,11707182382.193336,2207.6835438854137,73.0574900997,20.4560972279,6.4864126724,4.780858085808582,1.4486,19.850900501010813,0.1528330375444821,4516873.9,1187.0,0.2847959596752156,0.0874444563008921,0.0988743292155855,14545.3,0.4921550679100773,,10.057611622962437,1419.129,93.94900779588944,13256.205,,,,0.0,0.0,,,2798251.57,1842.4,,,,,,22.29418005227022,29.976750983183408,14.60490332943528,101.19,,34.81691131229674,79222.4,6.37927612801164,,,1518801.0,6.3147340889,,9890.269798,1399.1,5192.00023,269.4,680.0140380859011,,40.8,6.0,,45.2,1025.2314189240058,30.3,,30665.08959,35.25659594209941,
Ghana,GHA,2017,6.21432536864623,3568992544.90479,,53.10698734288477,120839.639,,5387.2725,,5020.3464,1.5796177720265998,0.9286174383698752,19.561709918423904,6.2138391840817775,10772688442.472351,28490958800.0,51407775800.0,11816431641.824116,2061.985009323621,73.0574900997,20.4560972279,6.4864126724,4.780858085808582,1.4486,20.06297969587765,0.1510519100125596,4565130.4,1187.0,0.2740638798521522,0.0841492519511683,0.0975369100042448,15135.0,0.5007897820487428,,,,,,,,,,,,,3126782.91,1930.7,,,,,,38.24644308079348,23.85211436596844,18.291672356976427,107.89,,35.00061527643491,79640.4,5.90830368191503,,,1619488.0,6.3147340889,,10698.03884,1985.8,5518.409035,266.3,,,43.8,6.9,,45.3,1002.572209849812,30.3,,32492.6113,38.12256756485496,
Ghana,GHA,2018,3.98804428869637,2563125498.47518,,53.69403885031203,122175.416,,5340.68,,4845.629,1.3814097595471948,1.1703489682667216,18.13655031925207,4.875724294683977,11297935030.052588,29880099400.0,55967108300.0,12205701515.159777,2152.311789911914,73.0574900997,20.4560972279,6.4864126724,4.780858085808582,1.4486,20.275059330227652,0.1494425399200489,4613387.0,1187.0,0.2860253210941341,0.0878219224735065,0.0988940737043094,16774.9,0.5433933166467131,,,,,,,,,,,,,3573624.57,2172.6,,,,,,27.550257543969323,26.057369380891064,20.06731209191563,113.03,,35.032345961149694,79712.6,3.80854813393799,,,1644881.0,6.3147340889,,10742.06787,1995.5,5369.03804,286.6,,,39.5,6.2,,42.1,981.515090664946,30.3,,34130.8132,40.48619636797169,
Ghana,GHA,2019,3.63099663780155,2379294306.06566,,54.84738639360113,124799.743,,5435.2275,,4948.1708,1.103999677381249,3.6117728251944783,17.323230201461975,4.655108008107888,11823866108.387392,31271050300.0,61764983900.0,11838343727.78453,2249.281462698418,73.0574900997,20.4560972279,6.4864126724,4.780858085808582,1.4486,20.48713852509449,0.1478840369782779,4661643.5,1187.0,0.2887873042228047,0.0886699686089722,0.096140135766505,18039.1,0.5722648957293394,,,,,,,,,,,,,4411039.86,2346.2,,,,,,40.13605931041273,21.980491626223124,17.406953900925977,119.42,,35.06407664586447,79784.8,3.48167988211684,,,1880045.0,6.3147340889,,11193.33691,2271.3,5489.526246,299.5,,,38.2,6.0,,42.6,961.2245810821486,30.3,,36070.4143,43.12094685022156,
Ghana,GHA,2020,3.75855195744477,2660176337.11009,,55.393019913594955,126037.4,,6015.9825,,5811.4172,,,18.8537826616486,7.283710902412494,12685082333.21066,33548743199.999996,73895654000.0,13205772995.752434,2363.052535377576,73.0574900997,20.4560972279,6.4864126724,4.780858085808582,1.4486,20.69985452659614,0.1463592700414143,4709900.0,1187.0,0.3090043716294342,0.0948774670207731,0.1006100634779894,19401.16,0.6028874531426752,,,,,,,,,,,,,4636040.87,2410.8,,,,,,50.11192382003864,,,122.4,,35.096930994624955,79857.1,3.79790806842924,,,1923044.0,6.3147340889,,11847.91345,2264.2,6369.119051,310.8,,,36.6,5.6,,40.0,941.5668872491676,30.3,,39070.28751,43.34256336485427,
Ghana,GHA,2021,3.85323409751269,2914483928.51617,,55.393019913594955,126037.4,,,,,1.6144785370164365,2.6422052353706658,19.6574735227332,8.45684883957145,13757840571.305468,36385909700.0,90757559800.0,15632492171.486645,2514.1006927877625,,,,,,20.69545955971222,0.1434195947367759,4708900.0,,,,,,,,,,,,,,,,,,,4858041.11,2360.5,,,,,,37.37177047718151,25.32424429585136,17.403049902196834,130.54,,35.12867715891761,79929.333,3.7560551680039,,,2058044.0,,,,,,,,,39.4,6.2,,39.0,,,,,,
Ghana,GHA,2022,,,,,,,,,,1.3448227583434011,1.2361694147843718,19.513638202715818,4.16047011736525,14330231417.069384,37899734600.0,119879353700.0,14491484176.297085,2568.7320663726778,,,,,,,,,,,,,,,,,,,,,,,,,,,5136566.36,2503.9,,,,,,,20.97937998044823,14.846310700070758,135.5,,,,,,,2051393.0,,,,,,,,,,,,,,,,,,3.7
Ghana,GHA,2023,,,,,,,,,,1.1158195020624575,1.5928247207967852,21.10265098455374,4.451733812405109,14968175174.45896,39586929900.0,177606860000.0,16116177788.379335,,,,,,,,,,,,,,,,,,,,,,,,,,,,,,,,,,,,18.05904768212916,13.694521898750043,,,,,,,,,,,,,,,,,,,,,,,,,,
